name,1,2,3,4,5,6,7,8,9,10,11,12,Unnamed: 13,Unnamed: 14,Unnamed: 15,Unnamed: 16,Unnamed: 17,Unnamed: 18,Unnamed: 19,V,,
bsn+C24_NH3+L49_NH2_COOH,73.00027078,379,11.70479,7.5643,11.70479,0.594863,2587.67,4350.02,1.16075,0.69049,0.349408,3.80888,,583398.1638,5.581216563,1.533937056,13.24933262,10.14503576,1.533937056,30531.4,1.544566268,1.533937056
ukl+C54_COOH+L25_Cl_COOH,59.70488135,1657,6.42821,2.9769,6.46555,1.55122,1968.16,1268.78,0.27566,0.42761,22.2662,11757.4,,5058902.45,15.49793102,4.993877462,60.98291777,114.5472022,4.993877462,13486.7,10.11529524,
sme+C36_COOH+L31_NO2_F,33.53365038,1181,7.19398,4.6142,8.07085,0.980531,3061.7,3122.49,0.581736,0.57041,1.21233,33.03,,3545470.372,10.52696171,,17.74474263,29.37565361,3.012436264,24061.1,4.108229825,
sme+C36_COOH+L6_CH3_F,27.6534507,806,6.86451,5.00651,8.35185,0.875522,3007.17,3434.71,0.668298,0.58511,0.769987,16.6722,,2122071.855,8.997285397,,16.493006,21.82064974,2.544560268,26645.7,3.261533669,
wif+C36_COOH+L76_NH2_NH3,27.04484966,2079,13.45194,10.19653,13.5005,0.675958,2299.27,3401.5,0.983716,0.66495,0.909908,35.9532,,3231202.487,7.920584331,,16.26135881,15.7331374,2.242730285,34818,2.51599372,
whl+C36_COOH+L39_Cl_COOH,25.13238477,2157,26.80105,25.03376,26.80105,0.678457,1614.59,2379.8,1.08462,0.73587,0.993306,64.5474,,2362842.268,7.637308968,,14.6230245,15.90021785,2.261873968,43552.7,2.20703902,
wha+C36_COOH+L76_COOH_COOH,21.28206913,1324,13.26835,9.68559,13.28896,0.642831,2011.56,3129.22,1.13142,0.72731,0.739909,31.4492,,1712055.299,7.014803262,,13.78044137,13.71665819,2.006846375,23698.7,2.162008528,
wgv+C36_COOH+L23_CH3_COOH,19.85062529,1409,13.00424,10.32564,13.00424,0.614274,2049.62,3336.65,1.22346,0.75154,0.613402,11.9805,,1773970.841,6.81511919,,13.87191231,12.95490955,1.934294151,16099.3,2.15869161,
whl+C36_COOH+L37_CN_NH3,18.62119836,2061,22.75336,20.90243,22.75336,0.565937,1922.55,3397.1,1.25224,0.70869,0.559094,15.5562,,2242454.932,6.622803269,,14.70931013,12.19831165,1.875559356,40314.7,1.92261946,
hjm+C35_COOH+L4_OH_F,15.12024443,208,8.77809,5.53901,8.84542,0.675269,2870.98,4251.62,0.960981,0.64892,0.493885,6.7185,,403246.2291,5.679835449,,14.12352597,10.97474145,1.56531631,15002.7,1.915611068,
whi+C36_COOH+L39_Br_NH3,14.93458948,1200,19.64437,15.13115,20.36783,0.596761,1934.15,3241.08,1.25792,0.75068,0.435479,9.12252,,1385070.346,6.451016273,,13.1261905,12.16735706,1.83753528,47707,1.669074681,
apo+C30_NH3+C24_NH3+L66_Cl_COOH,14.72937677,713,23.17194,22.80251,23.17502,0.3468,1759.99,5074.94,2.22018,0.76996,0.270201,5.70998,,435189.9113,3.666343985,,10.12023029,6.340381645,0.989451449,63841.6,0.786851605,
cds+C35_COOH+L24_NH2_NH3,14.32124521,81,8.49729,7.13212,9.35302,0.531078,2571.08,4841.24,1.4801,0.78605,0.464566,6.25317,,110600.966,3.734904014,,12.21712674,6.482861676,1.013554407,2953.69,1.443879577,
twt+C30_NH3+L42_NO2_COOH,13.65484457,197,15.12663,14.7565,15.15658,0.438533,2579.65,5882.46,1.78133,0.78117,0.441006,5.42394,,222858.5457,3.792927073,,11.77120823,6.298174212,1.006199158,11958.9,1.0754604,
wki+C36_COOH+L41_Br_COOH,13.24294435,1350,18.07657,15.17086,18.07657,0.550252,1708.91,3105.68,1.39949,0.77007,0.302935,4.81249,,1269447.046,6.0151436,,12.56018645,11.11328997,1.722472417,43358.8,1.566451136,
whu+C36_COOH+L1_COOH_COOH,11.87916287,2068,27.07774,25.58311,27.11014,0.384791,1449.5,3766.98,2.16762,0.83408,0.320503,4.98326,,1153436.419,4.562230835,,12.52309045,8.041677487,1.275794006,67154.4,1.009147275,
wkj+C36_COOH+L42_NH2_F,11.76149858,526,30.35163,26.64631,30.35163,0.397851,1451.66,3648.76,2.0145,0.80147,0.209704,2.83634,,303788.3453,3.856189347,,9.608962789,6.801070338,1.082546899,44964.5,0.877184329,
vmk+C36_COOH+L72_NH3,11.42728377,1563,16.96374,15.26269,16.97896,0.384864,1649.64,4286.28,2.15084,0.82778,0.281394,3.3969,,992328.4575,4.464698056,,11.84984503,7.7480664,1.229239828,37302.8,1.07920163,
wha+C36_COOH+L26_SH_COOH,11.16864311,1328,16.35577,13.07678,16.75525,0.4139,1717.93,4150.6,1.98524,0.82169,0.28694,3.60057,,944276.0295,4.677101846,,11.76457012,8.100270619,1.292691683,34109.9,1.153155267,
crs+C36_COOH+L37_OH_F,11.09194827,1124,16.20613,11.49107,16.20613,0.523754,1698.57,3243.08,1.43814,0.75323,0.233405,2.7764,,999947.3029,5.609987417,,11.94390861,10.18973623,1.597851059,43095.8,1.470862224,
wie+C36_COOH+L37_CN_NH3,10.93127447,1414,14.48011,11.87926,15.29741,0.487342,2066.07,4239.46,1.48922,0.72576,0.291876,3.50942,,1423732.118,5.569177878,,13.27482547,9.676415535,1.535346316,46816.3,1.463195958,
sol+C36_COOH+L23_NO2_F,10.90952501,583,13.63683,11.94267,13.63683,0.577685,2334.55,4041.22,1.31779,0.76127,0.320845,3.37751,,786253.9233,5.762071776,,12.86344571,10.45887884,1.597685239,15665.6,1.722341284,
hxg+C36_NH3+L1_CH3_COOH,10.73121121,317,14.80387,7.45785,14.9005,0.502371,2282.63,4543.71,1.48984,0.74845,0.352174,3.5918,,363512.4957,4.595388822,,11.77132968,7.952340778,1.256459643,9369.91,1.495664651,
vby+C36_COOH+L40_Br_COOH,10.26673461,818,12.31678,10.13262,12.49478,0.611902,2250.7,3678.2,1.20083,0.73479,0.272188,2.91792,,1126556.006,6.355101653,,13.2373669,11.91806373,1.782319572,25929.4,1.830343741,
skd+C36_COOH+L38_CH3_F,10.26319829,293,23.21612,22.25795,23.21612,0.376156,1470.72,3909.86,2.17157,0.81685,0.201265,2.19634,,162093.5046,3.333263576,,8.957344059,5.865456855,0.927927057,29898.2,0.778326597,
rob+C36_COOH+L17_CF3_COOH,10.21658655,764,15.88431,10.91858,16.29674,0.46821,1941.63,4146.92,1.60979,0.75372,0.24084,2.71302,,694545.2049,4.883543052,,11.56234941,8.473614567,1.349893141,35613.6,1.261311651,
nfa+C31_COOH+L37_CH3_F,9.680909628,587,12.68358,7.98656,13.01765,0.527912,2383.81,4515.55,1.3775,0.7272,0.272681,2.75147,,738705.3981,5.341715143,,12.71383958,9.336372941,1.461597277,42458.6,1.335491361,
vbu+C36_COOH+L41_CN_COOH,9.659447615,863,17.17593,15.72467,17.48846,0.428385,1833.68,4280.45,1.85735,0.79566,0.237018,2.3126,,677904.6289,4.567480353,,11.2289117,7.873043448,1.257742985,32116,1.145859264,
sxt+C30_COOH+L35_Br_NH3,9.645079731,896,25.13559,11.36925,25.96589,0.366946,1637.24,4461.8,2.31609,0.84988,0.218754,3.59631,,538297.6875,3.953651566,,10.45258676,6.872387904,1.083337615,63672.3,0.797606048,
sxa+C24_NH3+L44_OH_COOH,9.635260009,305,11.2479,6.68001,11.27805,0.495011,2620.18,5293.17,1.46968,0.72751,0.268713,2.27966,,395590.4662,4.57926096,,12.53059209,7.766315176,1.229755748,17951.2,1.312646587,
qtz-e+C36_COOH+L4_SH_F,9.608358602,219,19.89391,14.88606,20.17968,0.361168,1566.47,4337.25,2.30306,0.83179,0.21959,3.14967,,123901.1853,3.07451381,,8.859159893,5.376086843,0.84529352,31808.9,0.667315822,
fsc+C19_NH3+C36_COOH+L1_Cl_NH3+L31_NO2_NH3,9.598218689,100,10.23118,7.18796,10.23118,0.464879,2581.37,5552.78,1.69874,0.78971,0.296193,2.54391,,120002.4704,3.481488563,,11.7668977,5.833228589,0.929758,5211.9,1.166729633,
xby+C32_COOH+C36_COOH+L4_NH2_COOH+L39_OH_COOH,9.437212712,435,20.47074,15.90044,20.71054,0.335001,1370.34,4090.55,2.53375,0.84881,0.218192,2.67531,,199693.3926,3.192441351,,8.668901198,5.70632273,0.88389654,26779.9,0.753684292,
wkh+C36_COOH+L41_CH3_NH3,9.430508752,908,17.77631,14.98151,18.92604,0.329742,1598.64,4848.15,2.49671,0.82327,0.20611,1.9265,,478641.9858,3.594929836,,9.952490874,6.320519474,0.975405144,50081.3,0.783983968,
wmn+C36_COOH+L44_SH_F,9.344970384,434,21.27962,18.84827,21.27962,0.486406,1996.29,4104.16,1.55376,0.75576,0.250684,2.60518,,421417.2262,4.635372298,,11.21986733,8.083450387,1.282890829,38133,1.12961754,
fsg+C17_COOH+C36_COOH+L24_CF3_COOH+L44_Br_F+L32_OH_COOH,9.115396002,78,11.36367,7.74024,11.49809,0.56448,2460.57,4359.01,1.36822,0.77233,0.330203,2.93042,,108337.5192,3.887046613,,12.12519558,6.941012825,1.068049561,5577.66,1.34818912,
smk+C36_COOH+L3_SH_COOH,8.922209812,597,17.8731,15.36099,17.8731,0.383065,1746.49,4559.26,2.16614,0.82977,0.217859,1.7155,,399404.4575,3.890789988,,10.14515778,6.706260912,1.063378607,28270.6,0.934203334,
znz+C13_NH3+C36_COOH+L76_OH_NH3+L26_NH2_NH3,8.899302817,1023,22.77878,20.23374,23.86007,0.251448,1281.72,5097.34,3.48947,0.87742,0.167266,1.46662,,329698.507,2.805818509,,8.751051529,5.370275317,0.756827208,53522.3,0.567510665,
wid+C36_COOH+L30_CF3_F,8.839843441,873,11.66347,7.74755,11.76041,0.696038,2421.07,3478.35,1.03104,0.71764,0.288653,2.49057,,1471141.817,7.249395342,,14.17958073,14.60612886,2.047057672,32535.2,2.06358601,
snw+C36_COOH+L76_SH_F,8.838559728,339,11.85731,10.17858,11.91192,0.585775,2257.51,3853.88,1.25268,0.73379,0.277059,2.48622,,448291.2,5.314759135,,12.18464919,9.748320508,1.482127728,21654,1.511661419,
wgx+C36_COOH+L76_NO2_NH3,8.819902711,1706,26.30766,16.38438,26.30766,0.370607,1639.49,4423.8,2.21226,0.81988,0.216499,2.04344,,1036576.639,4.366912143,,12.0822967,7.587095207,1.197794051,69953.4,0.942989416,
lvt+C25_COOH+L76_CH3_COOH,8.531977983,602,19.86375,19.54207,20.23505,0.389641,2101.67,5393.87,2.0995,0.81805,0.388604,4.71498,,492975.8739,4.041815241,,11.02733968,6.817462454,1.083044756,45489.2,0.867187923,
gwg+C69_COOH+C7_COOH+L37_NH2_F+L35_Br_F,8.518741854,114,12.42536,11.18783,12.42536,0.554155,2358.45,4255.93,1.28202,0.71044,0.242146,2.61965,,148991.942,4.136487971,,11.86352491,7.368332281,1.139844108,13270.5,1.273757427,
smv+C36_COOH+L72_NO2_COOH,8.419204711,2137,53.47293,52.54354,53.47293,0.266762,1080.34,4049.82,3.28911,0.87741,0.0722911,0.251726,,615869.8495,3.204360023,,11.20368762,6.154329419,0.888265314,103805,0.611884446,
xaw+C49_NH3+C36_COOH+L43_Cl_NH3+L38_NH2_F,8.221514074,708,21.22691,18.81455,21.27876,0.37773,1652.96,4376.02,2.12088,0.80112,0.232014,2.26099,,442055.7872,3.919778658,,10.15497365,6.801112017,1.076543062,43499.4,0.900814757,
tsf+C66_COOH+C56_NH3+C17_COOH+C36_COOH+L31_CH3_NH3+L23_NO2_F+L16_CF3_NH3,7.998424854,272,23.11299,15.09121,25.68063,0.196844,1348.52,6850.71,4.531,0.8919,0.148743,3.07473,,72201.87528,1.838200643,,6.277999349,3.830593528,0.479230281,44708.6,0.327333505,
whc+C36_COOH+L76_NO2_F,7.768858259,419,25.13882,22.18233,25.13882,0.37927,1535.06,4047.41,2.17879,0.82635,0.201262,1.68149,,243942.7244,3.587435525,,9.385277576,6.279688994,0.994527112,34803,0.816768327,
hyw+C31_NH3+C32_NH3+C32_COOH+L42_NH3+L37_NH2_NH3,7.744352929,650,18.5171,11.90525,19.05166,0.356309,1982.62,5564.32,2.22125,0.79145,0.193172,1.64397,,459176.4772,3.753900495,,10.48536608,6.389477648,1.002266345,41732.8,0.85150663,
qzd+C35_NH3+L38_CF3_NH3,7.696772062,59,9.45247,7.22176,9.45247,0.521855,2829.92,5422.81,1.3795,0.7199,0.186127,1.07543,,87131.66619,3.450901228,,12.78345049,5.888941894,0.924127977,5445.96,1.256792384,
sxc+C36_COOH+L75_CN_NH3,7.224264114,209,14.59376,12.24667,14.59376,0.408862,2022.14,4945.77,1.96773,0.80453,0.233961,1.96133,,172796.2268,3.504422887,,10.18847922,5.948087768,0.948619651,16941.9,0.909756028,
snk+C36_COOH+L4_OH_COOH,7.021635157,917,18.88191,14.29872,18.88191,0.311753,1523.17,4885.83,2.76315,0.86142,0.194178,1.43755,,435440.0332,3.406836115,,9.63174881,6.072845098,0.923527528,53732.8,0.69887648,
whm+C36_COOH+L44_NO2_F,7.017983599,842,25.92936,23.96644,26.39143,0.362512,1470.31,4055.9,2.22387,0.80618,0.11875,0.610498,,448790.2258,3.826234852,,9.956523049,6.740377284,1.060460737,71063.9,0.797093397,
wky+C36_COOH+L32_NO2_F,6.987450019,848,10.2273,8.98242,10.47757,0.567603,2367.43,4170.93,1.32829,0.75394,0.249214,1.63263,,1139508.794,6.017429021,,13.38363573,10.82013758,1.662166271,39203.3,1.531327479,
who+C36_COOH+L39_OH_F,6.940654376,546,15.19206,10.09648,17.00449,0.496399,2074.75,4179.59,1.51815,0.75361,0.209827,1.50343,,562327.4886,4.920178058,,11.65568111,8.584289667,1.358739691,48208.5,1.15471772,
wgw+C36_COOH+L39_Cl_F,6.843042562,248,13.51809,10.99224,14.21068,0.521092,2112.32,4053.64,1.45815,0.75983,0.196274,1.34827,,272976.8373,4.501615274,,11.28502234,7.948736082,1.247729615,24372.8,1.170330168,
umd+C35_COOH+L6_NH2_COOH,6.763653794,1528,26.76169,23.10733,26.96483,0.202689,957.392,4723.46,4.48954,0.90998,0.134982,1.43643,,296512.7198,2.371318981,,8.728908584,5.077838501,0.645386779,92341.5,0.427147819,
cot+C36_COOH+C27_COOH+C32_COOH+L25_NH2_COOH+L40_COOH_NH3,6.376899204,775,21.96189,13.28629,22.98405,0.286374,1597.68,5578.99,2.95502,0.84624,0.150959,1.09128,,354588.8595,3.099978339,,9.187659871,5.586848485,0.827420886,72146.2,0.585464762,
wfa+C35_COOH+L30_CF3_NH3,6.33684932,900,24.25396,21.99479,24.25396,0.359498,1598.22,4445.71,2.33723,0.84023,0.189348,1.32406,,517101.2042,3.874274987,,10.28594902,6.759960263,1.062044274,43039.9,0.863988604,
wix+C30_COOH+L26_F_COOH,6.322953363,819,39.99837,36.14612,39.99837,0.148762,687.577,4621.98,6.25044,0.92983,0.114806,0.75848,,83771.685,1.588284954,,6.44110722,4.103409022,0.43338594,73901.1,0.278956229,
mdf+C32_NH3+L1_CN_F,6.286101593,155,12.20163,10.16601,12.90368,0.374179,2481.93,6633.01,2.10052,0.78597,0.171166,1.1016,,143946.3432,3.132182805,,10.6952534,5.184285238,0.819576124,16846.2,0.791613863,
omy+C32_NH3+C31_NH3+L2_CF3_COOH+L30_CN_NH3,6.242344765,1285,25.43734,19.41545,26.04129,0.136192,867.341,6368.51,6.79899,0.92597,0.0988031,0.906186,,151790.5035,1.610659043,,6.65778575,4.254016693,0.423407735,127412,0.250428256,
qzd+C32_COOH+L73_F_COOH,6.188388002,125,12.51624,9.65261,12.95218,0.408735,2099.32,5136.14,1.94649,0.7956,0.188092,1.19422,,107258.195,3.180314542,,10.17763493,5.37421199,0.857080514,12589.5,0.871244409,
sab+C30_COOH+C36_COOH+L31_COOH,5.967122531,2283,20.89128,18.07195,21.70957,0.261276,1236.83,4733.8,3.4031,0.88915,0.143354,0.805214,,737760.5708,3.224985631,,11.29126117,6.129458614,0.877496991,86627.1,0.622908001,
smw+C24_NH3+L25_COOH_F,5.921347903,918,53.00537,50.65138,53.00537,0.169739,923.44,5440.36,5.37496,0.91234,0.0506056,0.0762859,,143890.792,1.878684323,,7.13158891,4.379732563,0.502909954,113331,0.299065399,
sta+C24_NH3+C36_COOH+L72_COOH_NH3+L74_OH_F,5.846138006,380,23.05261,18.56517,23.06873,0.298109,1550.37,5200.7,2.85107,0.84993,0.155603,0.935985,,175628.1151,2.857862257,,8.495843829,5.124981205,0.769056708,44002.4,0.573565896,
fsc+C62_NH3+C36_COOH+L72_SH_NH3+L6_NO2_COOH,5.743065806,140,17.08601,14.23552,17.14097,0.320121,1883.16,5882.65,2.62513,0.84036,0.175683,1.11792,,84397.46873,2.58977451,,8.817829975,4.485146446,0.687020653,13347.8,0.655086337,
cds+C31_COOH+L39_OH_NH3,5.606073093,8,11.60503,10.07471,11.6173,0.383525,2235.25,5828.18,2.14137,0.82127,0.188424,1.04008,,6858.19405,1.304220909,,9.977567577,2.184017063,0.346357587,5096.67,0.4178504,
vbm+C36_COOH+L42_CH3_F,5.516313467,590,14.37585,11.58802,14.60526,0.425976,2246.86,5274.63,1.81236,0.77202,0.154019,0.810118,,564693.9769,4.393364473,,11.60990972,7.389062349,1.180316457,55809.5,0.950759255,
jxj+C28_COOH+C36_COOH+L39_SH_NH3,5.454238744,650,20.15376,12.43142,20.15376,0.303053,1666.62,5499.44,2.80202,0.84916,0.162605,0.892397,,328298.2241,3.188478732,,9.251026481,5.65209373,0.852461831,42759.2,0.671249686,
snp+C13_NH3+L74_OH_F,5.44999079,124,15.72723,12.80065,15.72723,0.296359,1646.59,5556.07,2.87499,0.85203,0.120957,0.935678,,60509.73896,2.323270203,,8.044946896,4.142053638,0.620404357,40895,0.410686755,
nia+C13_NH3+C36_COOH+L24_NH2_COOH,5.360289353,631,19.13651,15.14871,19.97338,0.27887,1463.31,5247.28,3.11637,0.86906,0.151243,0.815815,,257494.2269,2.904689028,,8.566740003,5.321481848,0.780844187,27227.1,0.662309985,
pcu-h+C68_NH3+L39_COOH_COOH,5.359805777,894,39.25265,39.18724,39.25265,0.290159,1052.57,3627.57,2.80567,0.81409,0.125988,0.699814,,273038.9168,3.048302418,,8.804943869,5.756756749,0.856357143,83721.5,0.615707255,
mok+C32_NH3+L39_NH2_F,5.334988004,235,14.87336,10.99475,15.85299,0.338982,2076.57,6125.89,2.39794,0.81286,0.141439,0.775912,,165421.1652,3.043934688,,9.600689894,5.175186248,0.803749326,22208,0.718752442,
vbo+C36_COOH+L4_CF3_NH3,5.300183529,598,21.08742,18.30397,21.11971,0.290603,1388.06,4776.5,2.94815,0.85674,0.140383,0.740266,,241217.8913,2.968738782,,8.553326218,5.421658334,0.806917694,56822,0.58380922,
cdz+C31_COOH+C35_NH3+L40_SH_COOH+L24_Cl_COOH+L18_Cl_COOH,5.299901106,110,20.37487,16.05069,20.3779,0.28461,1601.85,5628.25,3.03858,0.86481,0.133206,0.736567,,50149.27814,2.17896983,,7.829962763,3.93130333,0.581000772,16743.5,0.499087366,
who+C36_COOH+L30_CH3_F,5.255425102,582,16.18484,10.88907,16.60329,0.412996,1995.61,4832.04,1.94569,0.80356,0.161559,0.840551,,479672.1475,4.2069165,,10.91536878,7.156143467,1.141902133,44416.9,0.933524708,
kew+C36_COOH+C24_NH3+C52_NH3+L74_F_NH3+L36_CF3_F,5.242316279,343,25.07494,21.73951,26.75332,0.150874,907.133,6012.51,6.11046,0.92191,0.058402,0.10564,,46943.935,1.445526507,,5.232489071,3.588412404,0.382509965,85861.5,0.21282604,
vbn+C36_COOH+L4_F_NH3,5.117332302,618,17.87704,15.9467,18.21103,0.276298,1482.49,5365.55,3.11617,0.86099,0.147136,0.759781,,253138.3756,2.876071639,,8.513379665,5.272979017,0.771144534,52550.9,0.567806469,
tsf+C19_NH3+C62_NH3+C31_NH3+C36_COOH+L14_F_COOH+L37_COOH_F+L49_CF3_F,5.116809685,178,30.7985,16.73792,30.99985,0.184443,1239.72,6721.43,4.89511,0.90287,0.124869,1.54802,,40701.06632,1.588680658,,5.79428013,3.441173575,0.415074216,69286.5,0.226499482,
crr+C35_COOH+L40_CN_COOH,5.074286993,967,33.48291,24.2411,33.48291,0.191051,888.252,4649.3,4.75031,0.90755,0.123129,0.663454,,164101.2856,2.09176313,,7.462691075,4.635081552,0.570368713,74522.8,0.381472001,
smm+C36_COOH+L71_CF3_NH3,5.063020763,878,27.27656,26.20589,28.48362,0.266639,1241.01,4654.25,3.28365,0.87555,0.118707,0.567803,,290531.6622,2.878713436,,8.671508855,5.438789257,0.784850434,65796.6,0.555558388,
wkh+C36_COOH+L71_CN_F,5.040263547,448,24.68215,20.71367,24.71613,0.235275,1190.98,5062.08,3.76287,0.88531,0.115808,0.610392,,125533.1031,2.310684252,,7.27994023,4.557537706,0.623779435,90013.4,0.37097738,
whm+C36_COOH+L32_CF3_F,4.889726211,924,25.70766,23.88007,26.62581,0.369013,1485.78,4026.36,2.26404,0.83546,0.103442,0.408139,,506603.4529,3.945113653,,10.20466414,6.936431673,1.094371511,65269.1,0.817094564,
bpi+C9_NH3+C7_NH3+L68_OH_COOH+L26_NH2_F+L6_NH3,4.887632163,461,37.30529,37.16758,37.31047,0.292092,1005.84,3443.57,2.79788,0.81724,0.122365,0.667912,,135440.7938,2.751954686,,7.876393482,5.218881809,0.778045731,54492,0.58127401,
smk+C36_COOH+L32_F_F,4.836145909,229,15.00541,13.90951,15.01066,0.414795,2099.09,5060.55,1.97688,0.82,0.144256,0.687778,,199388.4764,3.625846378,,10.45708576,6.133053129,0.978847959,18171,0.910235586,
msp+C31_COOH+L1_CN_F,4.749304697,137,11.27291,9.07744,11.27291,0.410938,2315.67,5635.07,1.95881,0.80495,0.16443,0.806095,,130368.7614,3.293513439,,10.697931,5.504092582,0.878059676,16367.7,0.82790155,
wiu+C36_COOH+L3_CF3_F,4.638046518,795,16.17382,12.52469,17.29371,0.402112,1869.02,4648.01,2.01292,0.80942,0.137845,0.632102,,597486.5193,4.277032447,,10.95981178,7.320908425,1.166272427,68624.4,0.875771029,
tsj+C18_NH3+C36_COOH+L24_CF3_NH3+L39_Br_F,4.616157016,106,18.65808,14.52609,18.96816,0.296214,1433.53,4839.51,2.94801,0.87324,0.12133,0.564488,,45010.95547,2.210600612,,7.700368434,4.005941662,0.599923952,16581.4,0.510397805,
nor+C31_NH3+C32_COOH+L25_OH_COOH+L38_Br_COOH,4.604117486,684,18.47961,13.32241,18.73033,0.326904,1518.26,4644.37,2.62469,0.85802,0.132032,0.594468,,339486.4827,3.398475426,,9.326070122,6.018186711,0.92679118,36571.1,0.750904638,
nbo+C32_COOH+L3_CH3_NH3,4.587532423,151,22.28748,14.29801,22.28748,0.235156,1346.28,5725.06,3.74823,0.88142,0.121676,0.5529,,47804.45877,1.925484626,,6.814780058,3.744627614,0.512399503,27824.9,0.382450209,
whc+C36_COOH+L72_NO2_F,4.587483889,424,35.58271,31.9533,35.58271,0.235857,1104.07,4681.1,3.76623,0.88829,0.12289,0.576572,,110410.7185,2.274450847,,7.273707578,4.52248934,0.619682629,69478.4,0.394157794,
ith-d+C6_NH3+C36_COOH+L71_Cl_NH3+L15_F_COOH,4.557118031,827,28.53455,15.42188,28.53455,0.193188,1119.79,5796.38,4.70675,0.90929,0.123966,0.637397,,178904.9022,2.12101701,,7.234571693,4.551973078,0.563627054,105322,0.338652413,
rac+C32_NH3+L43_CF3_COOH,4.50554665,485,18.14713,17.24326,18.84445,0.300041,1642.1,5472.94,2.81259,0.84389,0.118327,0.550943,,238958.2032,3.012380234,,8.830292356,5.359265202,0.805832637,31728.9,0.669582803,
vcz+C24_NH3+L39_CF3_NH3,4.483700099,451,29.12786,26.11633,29.12786,0.199669,1163.11,5825.2,4.46974,0.89247,0.0989019,0.419749,,104738.8918,1.995451994,,6.655407227,4.203381481,0.529956776,89015.4,0.314040428,
sxb+C36_COOH+L16_CN_COOH,4.431336923,120,16.31886,14.39642,17.25846,0.304933,1783.14,5847.64,2.7342,0.83375,0.13608,0.637489,,65248.58755,2.388307061,,8.395035669,4.195902126,0.634010975,37737.9,0.439386425,
lcy+C36_COOH+L4_F_F,4.423267772,132,20.2185,18.06343,20.32191,0.249964,1258.1,5033.13,3.51907,0.87964,0.106369,0.496488,,41511.32151,1.962222768,,6.906218739,3.770660385,0.530067142,29518,0.383470137,
xai+C49_NH3+C32_COOH+E0+L76_NH3,4.422368356,214,23.81494,21.76562,23.81494,0.259543,1180.58,4548.68,3.37636,0.87631,0.121888,0.526553,,65572.01284,2.212444841,,7.145355751,4.236195928,0.604842582,13576.7,0.561726493,
smt+C36_COOH+L35_NH2_F,4.403925094,281,29.35516,28.00733,29.35516,0.266782,1298.74,4868.18,3.31518,0.88443,0.128385,0.574378,,97361.00777,2.408848834,,7.583402138,4.526043275,0.653270769,34203,0.486734586,
sxa+C24_NH3+L2_CH3_F,4.350412804,129,13.67146,11.3183,13.79804,0.290272,2051.53,7067.59,2.91819,0.84707,0.129225,0.546645,,76819.72138,2.358237216,,8.572659131,4.117900195,0.612645096,28692.6,0.463228224,
qtz-e+C24_NH3+L38_Cl_NH3,4.218122482,331,23.70754,19.64332,23.95487,0.189661,1149.5,6060.79,4.73334,0.89773,0.103066,0.445215,,72163.07075,1.807720262,,6.135029661,3.899706267,0.477913097,62464.8,0.30066774,
vmi+C36_COOH+L15_CH3_NH3,4.212674257,1163,29.66358,26.81899,30.47673,0.148392,987.603,6655.37,6.19663,0.91953,0.103762,0.457829,,170440.423,1.739189729,,6.742699315,4.314243104,0.454907505,124731,0.269271506,
vby+C36_COOH+L15_SH_NH3,4.102624842,866,21.1561,17.3631,21.1561,0.191493,1321.4,6900.51,4.70415,0.90081,0.107436,0.418569,,219131.6443,2.15942485,,7.241772329,4.565344139,0.562514114,100411,0.347503771,
unf+C31_NH3+L42_COOH,4.034464426,846,17.73921,13.06229,19.08508,0.293178,1732.4,5909.03,2.87931,0.84415,0.122862,0.483149,,429684.7259,3.236868278,,9.590761211,5.749838833,0.858240588,37828.9,0.711461252,
znz+C24_NH3+C13_NH3+L74_NH2_COOH+L42_SH_NH3,3.982610077,317,41.00523,30.98764,41.71642,0.119639,730.24,6103.68,7.8078,0.93412,0.0918897,0.476671,,27694.76313,1.132740775,,4.551625064,3.294298757,0.299224229,186438,0.119046624,
fsa+C32_NH3+C36_COOH+L30_Cl_F+L6_NO2_NH3,3.937392502,671,23.18386,15.92731,23.18386,0.237409,1405.48,5920.11,3.70045,0.87852,0.112267,0.473918,,223894.9865,2.531570401,,7.945903147,4.883061329,0.671089367,52562.7,0.487782603,
fsa+C32_COOH+C36_COOH+L39_CN_F+L26_CF3_F,3.830993006,550,23.5166,17.14822,24.46764,0.27023,1408.55,5212.43,3.21119,0.86776,0.100992,0.362242,,209347.8566,2.752573151,,8.255167152,5.105497242,0.74052821,65346.1,0.505766642,
sny+C36_COOH+L25_F,3.830378046,167,41.45596,40.47065,41.45596,0.224801,996.247,4431.69,4.02338,0.90446,0.110707,0.434148,,37400.87275,1.822077255,,6.572847684,3.729795905,0.499668885,23679,0.384582828,
stb+C36_COOH+C13_NH3+L39_NO2_COOH+L1_Br_COOH,3.808980597,416,24.77443,17.46003,24.88878,0.201534,1198.25,5945.63,4.46153,0.89915,0.0996553,0.370428,,100459.056,1.992158853,,6.596082777,4.165671075,0.527836355,112810,0.28369544,
can+C31_NH3+L31_OH_COOH,3.800165647,607,19.01242,15.32794,20.49833,0.225125,1413.75,6279.84,3.97469,0.8948,0.11277,0.41865,,193190.1745,2.379662996,,7.559728563,4.673773384,0.626565354,40390.3,0.471957811,
cds+C49_NH3+L49_NH2_COOH,3.787683745,132,9.89488,7.92302,9.89488,1.05782,2161.11,2042.98,0.477944,0.50558,0.0845131,0.312117,,301760.6302,7.425536517,,12.68861517,24.22553731,2.243185516,4946.57,4.446618023,
lsz+C27_COOH+L42_SH_F,3.781257619,65,17.48124,9.10146,17.48124,0.327653,1968.13,6006.74,2.56131,0.83922,0.124507,0.46431,,41916.14043,2.244536029,,8.9268699,3.855050297,0.5940065,22829.6,0.450311092,
sod+C32_COOH+L23_NO2_F,3.705127092,506,29.4965,15.22142,29.5087,0.243346,1186.96,4877.64,3.65484,0.88939,0.095791,0.321474,,146154.0359,2.427005073,,7.563444934,4.735620167,0.658044212,44080.5,0.481245522,
cds-b+C35_NH3+C31_NH3+L30_NO2_NH3,3.705032204,125,13.05917,9.95849,13.29841,0.281715,1985.44,7047.67,3.0332,0.8545,0.127118,0.4602,,69916.0287,2.273159819,,8.303835349,4.011389132,0.590731004,9604.9,0.597844782,
sxa+C24_NH3+L14_NH2_COOH,3.652033596,343,21.73978,14.73935,21.74987,0.167672,1214.83,7245.29,5.42226,0.90916,0.0853293,0.268904,,69866.69069,1.640901355,,5.528124228,3.729927147,0.425097836,92138.6,0.234187251,
fly+C24_NH3+C12_NH3+L31_CF3_F+L34_SH_F+L30_SH_NH3,3.642941154,318,24.50366,19.43787,24.79735,0.164148,989.713,6029.38,5.57319,0.91483,0.0872953,0.309282,,51662.09223,1.552816577,,5.488224579,3.651820633,0.410768407,129016,0.195713973,
pcl+C32_COOH+L44_CF3_NH3,3.638596813,829,23.24522,20.29889,23.73609,0.223545,1285.27,5749.49,3.93276,0.87915,0.0914682,0.319902,,238184.7005,2.452888465,,7.896972659,4.883293328,0.652428273,90882.7,0.421851604,
bto-e+C58_COOH+C32_COOH+L6_F_COOH+L39_Br_NH3,3.621432473,350,19.79326,14.57553,21.13266,0.235802,1333.35,5654.53,3.73555,0.88085,0.0907638,0.326354,,110042.3088,2.251048908,,7.192658666,4.378554128,0.599896333,59535.3,0.393051564,
cut+C27_COOH+C53_COOH+L17_SH_COOH+L74_CN_NH3,3.619053618,242,44.65753,36.76005,44.65753,0.0864297,509.355,5893.29,10.9815,0.94913,0.140612,1.14711,,10653.66276,0.776816046,,3.690494443,2.908722664,0.206032447,188564,0.073516794,
vmv+C27_COOH+L74_NO2_NH3,3.592651939,209,29.55282,23.79276,29.55282,0.202114,1323.14,6546.5,4.41497,0.89233,0.0991489,0.355961,,55891.84965,1.789456622,,6.305121439,3.695126989,0.468934046,89155.6,0.242122679,
htp+C13_COOH+C36_COOH+L40_Cl_F,3.575116244,290,21.3304,19.95675,21.85538,0.242837,1381.83,5690.36,3.6207,0.87924,0.0894969,0.270317,,97312.241,2.245428402,,7.253608786,4.307202094,0.597961343,70656.6,0.362420293,
wje+C32_COOH+L36_F_COOH,3.562024856,590,27.77966,26.14195,27.81814,0.167148,840.204,5026.69,5.53508,0.92518,0.091013,0.321601,,82858.66673,1.714220573,,6.184398499,4.071564613,0.463142372,107873,0.259599763,
rac+C35_NH3+L42_OH_NH3,3.551970308,284,17.35576,14.32256,17.41749,0.22436,1527.45,6808.03,3.90984,0.87721,0.109104,0.388466,,97326.42569,2.109796598,,6.965992863,4.112575704,0.550426503,29524.2,0.430225654,
cdl+C31_COOH+L34_OH_NH3,3.425656716,46,13.81517,12.21556,15.85355,0.236557,1414.02,5977.51,3.78111,0.89445,0.11619,0.388347,,15386.83114,1.485445186,,6.629730532,2.86672479,0.393337004,15060.2,0.313107659,
tfz-d+C27_COOH+C9_COOH+L8_CH3_COOH+L39_CN_COOH,3.364319634,159,18.65558,15.26207,18.65558,0.222191,1383.67,6227.39,4.02113,0.89346,0.119364,0.415062,,48882.80433,1.85591131,,6.573835032,3.671887737,0.489130628,31705.3,0.34797023,
reo+C27_COOH+L32_NO2_COOH,3.354988237,302,38.92197,30.09946,39.04967,0.143286,859.909,6001.36,6.49471,0.9306,0.0659155,0.163764,,37210.30213,1.342602062,,5.097760902,3.449362969,0.355350275,80380.5,0.196133105,
bbh+C32_COOH+C32_NH3+L74_Br_NH3+L18_NH2_F,3.336779579,427,30.03643,24.86603,30.03643,0.163303,897.29,5494.65,5.59428,0.91356,0.0798604,0.254404,,62568.37357,1.606516536,,5.774911863,3.831152135,0.429556763,127600,0.218714621,
kew+C36_COOH+C36_COOH+C67_NH3+L38_CN_NH3+L13_COOH_COOH,3.318460839,458,31.65891,25.97761,32.00137,0.105776,674.176,6373.63,8.9268,0.94424,0.0766464,0.306245,,32660.73138,1.070766389,,4.297428459,3.394680604,0.281455707,135671,0.137490479,
znz+C36_COOH+C24_NH3+L6_NH2_F+L72_OH_F,3.302943359,322,38.59813,29.55469,39.04216,0.12539,801.759,6394.1,7.44363,0.93336,0.0719478,0.224187,,32371.48465,1.196765579,,4.610162206,3.347284093,0.314460048,126002,0.148643149,
unc+C32_COOH+L26_CN_NH3,3.288278021,181,23.9435,22.0791,23.9435,0.173977,1082.48,6221.95,5.26161,0.9154,0.092896,0.298565,,34087.11876,1.490194185,,5.446368024,3.370071473,0.392784145,25296.4,0.295268629,
yav-d+C36_COOH+C62_COOH+L17_SH_F+L38_COOH,3.28630309,167,28.55402,23.78738,28.56042,0.148221,827.177,5580.7,6.18455,0.91668,0.0841518,0.296192,,20475.03535,1.234358792,,4.89759232,3.126835743,0.329453258,84582.2,0.160789015,
wje+C32_NH3+L43_CN_NH3,3.272754973,272,20.38255,16.64858,21.04289,0.209619,1552.37,7405.68,4.13384,0.86653,0.0913704,0.288499,,88510.49919,1.974762426,,6.641599036,3.944946071,0.510331899,48925.9,0.349312608,
afw+C32_COOH+L43_F_F,3.246378692,216,25.33519,17.24411,25.48524,0.204973,1142.73,5575.02,4.37515,0.89679,0.0851206,0.281651,,50593.42,1.792578874,,6.254706833,3.742469541,0.478499989,45826,0.313659683,
bbv+C18_NH3+C35_NH3+L23_NH2_COOH+L43_NO2_COOH+L42_CH3_COOH,3.2284756,854,52.27983,51.64587,52.27983,0.150487,930.486,6183.15,6.11141,0.91969,0.104058,0.396964,,119582.2439,1.67247817,,6.480233387,4.145440224,0.441146301,129183,0.248587282,
ukc+C31_NH3+L31_COOH,3.184685449,2414,22.39075,15.93111,23.18388,0.186912,1222,6537.83,4.85426,0.90732,0.10041,0.318161,,551373.2041,2.412400196,,10.17223901,5.202118823,0.632274188,120630,0.412060895,
mmm+C49_NH3+C29_COOH+C32_COOH+L38_CH3_F+L75_COOH_F,3.182882486,588,37.40772,28.62852,37.99418,0.123898,695.486,5613.36,7.58267,0.93948,0.0807025,0.323963,,50667.56276,1.286434529,,5.264672485,3.683665038,0.343120312,142732,0.1732665,
btu+C24_NH3+C24_NH3+L38_F_COOH+L37_NH2_COOH+L24_SH_NH3,3.178650508,129,34.07033,31.33342,34.07033,0.15425,1054.49,6836.23,5.95889,0.91916,0.0760185,0.208296,,20982.50564,1.248457019,,4.883824515,3.010605263,0.325558463,41200.9,0.200482209,
rna+C36_COOH+C15_COOH+L37_COOH+L1_NO2_F+L17_OH_F,3.166130761,479,42.64192,39.89602,42.74611,0.124243,710.854,5721.5,7.50459,0.93239,0.0718904,0.217005,,42304.62546,1.251299364,,5.083111311,3.568060097,0.333012925,151403,0.159792155,
vme+C13_NH3+L37_OH_F,3.107239788,107,12.91421,10.72833,13.59052,0.261451,1803.1,6896.51,3.30299,0.86357,0.108313,0.327207,,50442.1859,2.036716931,,7.637513575,3.705230108,0.530584418,36811.9,0.351913145,
wma+C24_NH3+L37_NH3,3.095808012,389,34.78849,30.90404,34.98422,0.133672,950.048,7107.3,6.92194,0.92527,0.0917658,0.305241,,49400.98352,1.333474566,,4.779295602,3.523411059,0.346203743,80706.3,0.199656674,
upc+C19_NH3+L37_CH3_NH3,3.089991732,681,36.09175,14.45325,36.09175,0.143893,1068.89,7428.42,6.38497,0.91875,0.0617815,0.125461,,104741.7422,1.578048501,,5.61404044,3.94604584,0.407670037,134031,0.22003481,
upb+C32_COOH+L35_SH_F,3.086144338,454,31.59732,12.8595,31.59732,0.240694,1277.3,5306.73,3.69552,0.88949,0.0901041,0.267167,,139577.0546,2.382166175,,7.535703544,4.624818394,0.639537401,80450.3,0.392501558,
hex+C27_COOH+L66_COOH_NH3,3.084350476,116,16.09709,12.69685,16.09709,0.236125,1588.56,6727.65,3.73587,0.88213,0.112145,0.357004,,43511.45268,1.865969113,,6.929986842,3.555748615,0.487470143,20232.1,0.390107481,
sni+C24_NH3+L40_OH_COOH,3.072361523,548,37.06322,35.4003,37.06322,0.148286,955.896,6446.29,6.16706,0.91449,0.0827987,0.253198,,77676.80485,1.547047631,,5.62548723,3.853392398,0.406122814,116888,0.222144527,
umx+C49_COOH+L38_F_COOH,3.068051809,402,33.52955,30.67428,33.81186,0.181248,970.067,5352.15,5.01263,0.90853,0.0898506,0.277109,,70680.72685,1.759905479,,6.168220797,3.952998771,0.472010764,54562.4,0.312470928,
bpa+C28_COOH+C30_COOH+L31_CF3_COOH+L76_NH2_COOH+L67_COOH_NH3,3.052692736,799,29.2107,25.28266,29.82959,0.11562,688.014,5950.65,8.18207,0.94601,0.0717867,0.185524,,63558.99477,1.26671535,,5.313745048,3.787906303,0.335592459,139908,0.17791044,
apo+C34_NH3+C13_NH3+L72_COOH_COOH,3.031526353,716,20.08383,16.72977,20.94082,0.19952,1242.86,6229.26,4.5251,0.90285,0.106209,0.33401,,177550.4059,2.161357474,,7.117870682,4.519734058,0.569612246,108892,0.335215489,
acs-a+C18_NH3+L39_SH_F,2.989146265,250,59.19548,56.87008,59.59465,0.0930622,606.497,6517.12,10.2142,0.95056,0.0430431,0.0468435,,14110.48628,0.851135416,,3.797383727,2.970985374,0.223157573,189298,0.080256943,
hxg+C24_COOH+L15_Br_COOH,2.972603114,326,37.02837,19.55009,37.06827,0.146843,857.809,5841.68,6.37048,0.93546,0.0779377,0.223116,,41064.01852,1.39003478,,5.233376534,3.524301806,0.369048412,101093,0.189540981,
smk+C24_NH3+L1_CH3_COOH,2.953257028,268,24.98992,23.49722,25.07185,0.149357,1063.61,7121.27,6.16134,0.92024,0.0818123,0.230742,,42573.83647,1.397164357,,4.889211906,3.424757238,0.362658928,78830.4,0.199698455,
rna+C24_NH3+C28_COOH+L17_CN_COOH+L71_NH2_NH3+L26_NH2_NH3,2.93881582,618,26.98303,22.59852,27.38136,0.128219,844.805,6588.75,7.25842,0.93067,0.0797611,0.221935,,66941.79232,1.366588265,,5.101580283,3.749531817,0.357857751,145785,0.182717708,
xac+C35_NH3+C13_NH3+L9_F+L76_CH3_NH3,2.934120096,393,31.44669,23.96172,31.66802,0.152262,1088.49,7148.83,6.02712,0.9177,0.106087,0.362655,,65134.1161,1.522528413,,5.287163638,3.683813954,0.395027399,110699,0.207266603,
acs-f+C29_COOH+L75_COOH_F,2.925506275,329,24.62138,16.15485,24.83666,0.179086,1035.25,5780.75,5.12346,0.91754,0.0838339,0.233873,,60996.19911,1.695881949,,5.879359489,3.80192036,0.450794545,86198.1,0.249961579,
lcv+C54_COOH+L41_CN_COOH,2.904689151,548,42.92046,39.35346,43.35583,0.0916806,497.984,5431.73,10.3672,0.95047,0.0658574,0.191134,,25019.19861,0.937816998,,4.569351825,3.382500242,0.251093045,206202,0.108366677,
ben+C19_NH3+C24_NH3+L76_Br_COOH+L7_NH3,2.902809637,232,32.88346,26.17467,33.39374,0.122528,784.761,6404.76,7.6834,0.94143,0.0738758,0.188483,,22308.00543,1.103271124,,4.295575321,3.136524949,0.289838512,51089.2,0.17650145,
pha+C32_NH3+C13_NH3+L44_NO2_F+L49_COOH_COOH,2.898420873,246,45.3149,32.39242,45.82211,0.107823,720.607,6683.25,8.68851,0.93682,0.0724558,0.210964,,19113.71011,0.986073401,,3.98768543,3.064719905,0.257797796,172877,0.098079993,
sxb+C13_NH3+L44_Cl_COOH,2.863527594,183,22.8562,18.83388,22.88736,0.166754,1125.76,6751,5.4804,0.91388,0.084288,0.238958,,34353.6719,1.44471631,,5.225605591,3.321491912,0.377272769,67456.6,0.20662633,
rkf+C24_NH3+L71_F_F,2.853228901,143,36.61108,35.24799,37.87948,0.0996308,610.481,6127.43,9.54062,0.95054,0.074396,0.2384,,8697.647589,0.813272026,,3.66061712,2.711101582,0.214737854,134085,0.076192694,
rob+C24_NH3+L26_OH_COOH,2.849650502,303,22.78223,19.70448,22.78251,0.149987,990.916,6606.66,6.17305,0.92588,0.0855596,0.244571,,45033.22898,1.421736682,,5.016338027,3.505025958,0.372184136,58174.8,0.229331292,
dmf+C32_COOH+C30_COOH+L36_CF3_F+L24_CF3_NH3,2.839564906,668,19.54006,17.02791,21.90602,0.190523,1114.23,5848.29,4.79753,0.91404,0.0898537,0.264336,,141807.3434,2.027358019,,6.788730532,4.380332579,0.538184886,52080.4,0.376667113,
ant+C71_NH3+C13_NH3+L74_F_F,2.829332695,259,16.748,13.31017,17.0627,0.231997,1460.84,6296.78,3.79802,0.88113,0.102062,0.301718,,87777.81885,2.127044039,,7.017495087,4.117259786,0.559878305,96772.3,0.296606585,
snx+C24_NH3+L42_COOH_F,2.78567769,220,19.1908,15.76789,23.50713,0.183932,1286.77,6995.93,4.90731,0.90261,0.0872219,0.243899,,52069.19952,1.656538163,,5.782240932,3.577645165,0.430846489,69542.5,0.244358757,
ecr+C27_COOH+L39_SH_COOH,2.780506827,416,36.66229,32.64966,36.66229,0.143362,968.395,6754.88,6.44409,0.92384,0.079854,0.22486,,57753.7143,1.437938926,,5.184750421,3.643451348,0.375478458,170997,0.168382512,
nia+C13_NH3+C24_NH3+L42_CF3_COOH,2.777264665,211,26.52922,20.90053,27.99004,0.164185,1056.92,6437.36,5.56657,0.91395,0.0855086,0.247304,,36614.91655,1.453449799,,5.284933148,3.392141061,0.381612315,67240.1,0.214785868,
vmh+C24_NH3+L73_COOH,2.759815871,515,28.00338,25.10603,28.58972,0.119573,826.998,6916.25,7.78494,0.93087,0.0763104,0.209158,,50926.6154,1.245112343,,4.597329153,3.571345066,0.324258926,185345,0.146795567,
nip+C32_NH3+C31_NH3+L3_Br_F+L23_CF3_NH3,2.728792463,909,23.7333,20.53512,23.7333,0.206433,1278.93,6195.37,4.36122,0.9003,0.0870199,0.246791,,239988.1412,2.315986939,,7.699526096,4.758980785,0.610745218,48621.7,0.451869695,
smm+C24_NH3+L23_CN_NH3,2.724274863,623,34.70788,34.11984,34.70916,0.122193,944.396,7728.72,7.63284,0.93268,0.0779899,0.209954,,71893.31561,1.327659954,,4.755482762,3.702501612,0.341466878,110382,0.190041871,
lnj+C36_COOH+C30_NH3+L36_CN_F+L1_COOH_COOH,2.714088204,577,27.57606,23.50201,27.57606,0.13073,881.741,6744.74,7.13347,0.93256,0.0706246,0.178656,,66510.79054,1.382135883,,5.058631551,3.730989789,0.360968514,98160.7,0.205819308,
rob+C13_NH3+L38_Br_COOH,2.703782699,208,25.18776,24.00706,25.18776,0.164979,1017.3,6166.25,5.57076,0.91906,0.0804884,0.216724,,34909.29243,1.449424492,,5.287204544,3.389255408,0.382431771,72338.7,0.207810181,
lon-e+C36_COOH+C24_NH3+L8_NO2_F+L35_CN_NH3,2.702207288,351,40.37959,31.09688,40.88524,0.106471,694.319,6521.19,8.83882,0.94108,0.0805253,0.251686,,25947.61823,1.033687895,,4.154295807,3.252454216,0.271001394,165484,0.116024417,
smc+C24_NH3+L32_CF3_NH3,2.678295476,357,33.7617,19.77298,33.7617,0.14479,981.322,6777.57,6.36924,0.9222,0.0809704,0.227873,,50724.56362,1.415968138,,5.073893558,3.562741978,0.369600831,122598,0.182621111,
znz+C13_NH3+C24_NH3+L41_SH_F+L15_COOH_F,2.672049718,345,45.74943,36.43362,45.74943,0.0853932,618.007,7237.2,11.1476,0.95193,0.0723683,0.232778,,18206.8904,0.836417163,,3.354342197,3.089255729,0.216712494,245030,0.076031537,
tej+C27_COOH+C27_COOH+L31_Cl_F+L76_Cl_COOH,2.670525051,362,37.88858,31.00946,37.88858,0.132968,825.344,6207.1,7.01689,0.93302,0.0804356,0.219123,,39727.45144,1.290440735,,4.910891164,3.47527218,0.340226361,173666,0.145073639,
fsc+C54_COOH+C13_NH3+L41_F_F+L3_NO2_COOH,2.668872219,49,19.69792,15.18948,19.69792,0.191386,1216.7,6357.29,4.72182,0.90369,0.0889164,0.241844,,11410.10796,1.230281928,,5.589732734,2.626171538,0.323479867,20629.2,0.227599524,
vmd+C24_NH3+L24_Br_F,2.660491277,414,24.86593,21.76118,25.11765,0.179254,1067.01,5952.5,5.14264,0.92184,0.0803163,0.21062,,79184.04556,1.770740854,,6.052732212,3.954192238,0.469107779,87301.2,0.267362352,
wkg+C24_NH3+L1_Cl_NH3,2.652316742,516,33.69193,29.02679,33.69193,0.115152,844.812,7336.49,8.15669,0.93926,0.0737474,0.194212,,50197.40437,1.207451142,,4.41630876,3.536272427,0.312367038,184989,0.140310933,
smc+C13_NH3+L38_COOH,2.635990967,436,33.97681,26.31051,33.97681,0.12398,850.825,6862.6,7.49815,0.92962,0.0830479,0.233765,,45991.58361,1.255466119,,4.635934864,3.511554744,0.327243535,188055,0.141924653,
snp+C24_NH3+L6_NH3,2.633480697,80,30.41334,29.19597,30.41334,0.111547,884.854,7932.55,8.40452,0.9375,0.0750919,0.195182,,7896.224731,0.827782868,,3.24714098,2.460403433,0.212283979,60184.8,0.097872607,
srs-a+C30_COOH+L76_SH_F,2.629778905,364,54.82936,46.37786,55.45172,0.0573662,317.096,5527.57,16.9363,0.97157,0.0584536,0.145898,,6621.37569,0.549855581,,3.525584693,2.92275876,0.146920654,360461,0.041521109,
vcv+C27_COOH+L24_CH3_F,2.627307969,395,34.216,31.92713,34.216,0.148806,1043.79,7014.45,6.18119,0.9198,0.0778375,0.204137,,61352.27482,1.486050505,,5.233991209,3.657720926,0.386389227,169578,0.172490323,
snz+C24_NH3+L31_COOH_NH3,2.619741938,705,37.62233,33.88189,39.32342,0.121491,862.631,7100.39,7.69195,0.9345,0.0815186,0.226339,,73885.34149,1.332656655,,5.095206732,3.767556923,0.346029344,131328,0.185753407,
phw+C11_COOH+C31_COOH+L24_OH_NH3+L24_CN_COOH,2.609024317,672,43.6603,37.56239,43.75602,0.0835652,464.16,5554.47,11.4923,0.96036,0.0754607,0.260787,,26065.28281,0.88474551,,4.589344636,3.427265379,0.236269679,156106,0.115983277,
umw+C32_NH3+L3_CH3_NH3,2.608404386,241,32.41267,30.5338,32.41267,0.120676,911.366,7552.14,7.69578,0.9287,0.0751625,0.196042,,26505.18082,1.114760106,,3.974159303,3.145001554,0.287452289,59528,0.169737188,
cds+C19_COOH+L3_SH_COOH,2.580991822,22,24.56144,19.62931,26.3232,0.135588,765.177,5643.39,6.93777,0.94068,0.0939524,0.287036,,2282.47402,0.682841841,,4.288800696,1.834329207,0.182016406,24885.1,0.09303453,
cuz+C27_COOH+C13_NH3+L3_Cl_F+L37_Br_COOH,2.579370471,367,56.5438,51.97564,57.03814,0.112161,650.794,5802.31,8.40229,0.94241,0.0508075,0.0759744,,26788.69004,1.082620546,,4.708747026,3.320410857,0.28765551,160095,0.12606771,
smm+C13_NH3+L6_SH_COOH,2.569684996,328,46.52568,45.69255,46.52568,0.100901,667.752,6617.89,9.36571,0.94501,0.0767972,0.216225,,22099.60501,0.969905653,,3.988890866,3.173875303,0.253854187,247089,0.087765904,
lvt+C17_NH3+L75_CH3_COOH,2.569122144,644,26.43764,20.82119,26.43764,0.125493,765.881,6102.97,7.48582,0.93942,0.0806402,0.21465,,61896.58159,1.334386304,,5.178474094,3.749963953,0.352495514,121559,0.190101517,
tfv+C67_NH3+C32_NH3+L24_NH2_F+L74_CH3_COOH,2.562978226,199,28.84527,25.31728,30.53765,0.0998949,628.37,6290.31,9.49378,0.94838,0.0664273,0.175521,,12491.4207,0.872341098,,3.645720355,2.893384267,0.229643698,80919.5,0.1147878,
sma+C24_NH3+L72_Cl_COOH,2.560368679,178,45.92559,44.90067,45.92559,0.11353,694.976,6121.51,8.33716,0.94652,0.0677928,0.164719,,14044.3113,0.967505187,,4.164179436,2.922762855,0.255490183,72712.3,0.130473635,
dia+C35_NH3+L1_NH2_F,2.553694227,180,13.24262,10.05574,13.40063,0.24298,1873.5,7710.5,3.5591,0.86479,0.0860416,0.216313,,81940.1454,2.130067254,,7.466247387,3.946199392,0.547986113,21671.7,0.454707581,
snz+C24_NH3+L25_CN_NH3,2.5423251,521,37.2629,34.01144,37.72527,0.118971,914.141,7683.72,7.84072,0.93282,0.0819669,0.220729,,56662.0161,1.255913472,,4.496269118,3.573013843,0.323224901,111867,0.174359401,
vbt+C24_NH3+L41_CH3_NH3,2.530104206,308,29.93164,27.49353,31.79396,0.113458,879.456,7751.37,8.25688,0.93681,0.0688046,0.16495,,30732.64621,1.098150403,,3.822139396,3.231502499,0.282345987,132053,0.129197883,
snp+C13_NH3+L68_CF3_F,2.5163969,113,23.27438,19.69555,23.42334,0.14983,1009.55,6737.96,6.16853,0.92423,0.0772599,0.202838,,17092.47904,1.177704132,,4.628183238,2.898915411,0.307612743,79275.4,0.138268078,
bbi+C31_NH3+C17_NH3+L39_Br_NH3+L38_CF3_COOH,2.516054098,349,26.93334,23.91993,28.96013,0.123082,802.402,6519.26,7.6047,0.936,0.0693145,0.185323,,34467.67379,1.193752677,,4.466536657,3.375969742,0.312976039,126485,0.149875532,
hjm+C54_COOH+L18_F_F,2.512506161,148,22.78892,16.76589,22.78892,0.169187,1147.26,6781.04,5.36046,0.90692,0.0763047,0.188846,,28727.01869,1.406775641,,5.221137348,3.204048706,0.367180069,119305,0.147855446,
vbn+C24_NH3+L43_NH2_F,2.511683607,250,25.66252,20.11429,25.66252,0.134054,1050.19,7834.07,6.89359,0.92411,0.0803002,0.21284,,35195.54257,1.251735699,,4.279587272,3.265068626,0.32145345,109670,0.153305601,
mmt+C35_NH3+L38_CH3_F,2.498531047,114,17.87166,14.14904,17.90601,0.20898,1530.65,7324.42,4.19974,0.87766,0.0796982,0.199883,,36465.77702,1.661280413,,6.268048679,3.328083412,0.429851976,30160.1,0.303934172,
cml+C8_NH3+C13_NH3+L74_CN_NH3,2.497814648,360,34.43125,26.71132,34.43125,0.105826,717.844,6783.26,8.87327,0.93902,0.0619931,0.125491,,27347.96129,1.036493256,,4.00592274,3.261656675,0.270523268,221155,0.102620379,
xca+C32_COOH+C8_COOH+L24_Cl_F+L34_COOH_F+L41_Br_COOH,2.485842901,429,22.13332,18.31054,22.85967,0.184809,1078.96,5838.25,4.94831,0.91449,0.0805059,0.200749,,85543.2515,1.832303306,,6.191326421,4.028750145,0.4865018,73045,0.296634684,
vmk+C13_NH3+L25_SH_F,2.485033707,192,31.68606,30.10288,31.68606,0.127829,907.415,7098.64,7.2801,0.93061,0.0601152,0.116075,,22270.83879,1.124050628,,4.187888332,3.064729935,0.291872113,127816,0.120284617,
bba+C32_COOH+C66_NH3+L74_F_NH3+L74_CH3_F+L37_NO2_NH3,2.478998791,250,63.42939,60.17866,63.53558,0.0740275,513.245,6933.17,12.9283,0.95705,0.0410617,0.041234,,9498.561059,0.681817271,,3.151457615,2.843582375,0.177513504,275418,0.050812366,
xby+C35_NH3+C13_NH3+L17_OH_NH3+L42_F,2.463245062,159,29.01212,26.08777,31.00849,0.122548,909.592,7422.3,7.59014,0.93016,0.0709155,0.176366,,17723.52019,1.044181549,,3.886210343,2.919082671,0.269776815,76499,0.133951089,
rtl+C30_NH3+C24_NH3+L22_NH3,2.461361244,233,30.21449,29.39208,30.21449,0.11688,931.732,7971.72,8.01175,0.93641,0.0771517,0.182586,,25373.89483,1.079546027,,3.708869857,3.098443327,0.27669656,35595.1,0.189089913,
vmf+C24_NH3+L2_F_COOH,2.455564535,497,36.85366,28.73517,36.94036,0.10664,716.51,6718.95,8.86636,0.94551,0.0695808,0.165051,,37975.08732,1.100500124,,4.344420344,3.446809603,0.287539445,177130,0.129369054,
sss+C13_COOH+C24_NH3+C24_NH3+L4_Br_NH3+L18_Cl_F,2.449123329,224,44.05603,26.60108,44.15251,0.113479,737.012,6494.71,8.28066,0.93968,0.0678682,0.160436,,18734.32618,1.016824157,,4.132487621,3.052057386,0.266703795,184153,0.094683283,
dei+C31_NH3+L32_COOH_F,2.434601124,1222,30.88619,25.09801,30.88619,0.147696,1022.52,6923.13,6.23529,0.92093,0.0609565,0.128755,,184549.0232,1.750978503,,6.80716458,4.337531552,0.455948069,158444,0.254384467,
umd+C18_COOH+L25_COOH_COOH,2.414160954,965,42.22071,37.95693,42.30479,0.0852175,476.383,5590.21,11.2594,0.9595,0.0741379,0.198108,,39175.30241,0.953098221,,5.17420243,3.631558611,0.254333956,285497,0.109054932,
bab+C58_COOH+C32_COOH+L23_COOH_NH3+L44_CH3_F+L49_CN_NH3,2.409418732,393,56.64723,50.24628,56.67364,0.0708962,479.887,6768.87,13.5024,0.95727,0.0546599,0.0938284,,13370.71074,0.704556696,,3.345276967,3.054442041,0.183932573,256956,0.065433014,
umb+C49_NH3+L25_NO2_NH3,2.400703513,960,42.77846,40.49356,42.77846,0.0887074,716.871,8081.3,10.6905,0.94833,0.0655388,0.164475,,61048.09204,1.033722312,,4.315011649,3.65809129,0.264549527,86783.4,0.163023064,
lcy+C13_NH3+L43_NO2_NH3,2.399133698,108,36.6704,33.64149,36.69339,0.0879664,652.932,7422.52,10.8024,0.95025,0.0742779,0.215051,,6203.096368,0.69233701,,2.797565912,2.489971022,0.178872967,111688,0.063354993,
bbh+C18_NH3+C31_NH3+L40_SH_F+L6_NO2_F,2.383360092,442,24.56129,19.22077,24.60858,0.169499,1232.62,7272.12,5.37655,0.91132,0.076395,0.181042,,92346.11296,1.73155502,,5.805944881,3.908355008,0.448396429,70489.7,0.278294885,
htp+C13_NH3+C13_NH3+L30_CH3_NH3,2.378573529,352,40.49823,39.50384,40.52374,0.103761,777.575,7493.93,9.07434,0.94156,0.0503271,0.0743341,,28400.04977,1.023821552,,3.774655757,3.233791063,0.264231813,162857,0.113915622,
niq+C30_NH3+C17_COOH+L36_CF3_COOH+L24_SH_NH3+L41_Cl_COOH,2.367020198,1121,33.30126,30.05682,33.32789,0.103414,677.794,6554.15,9.16777,0.94808,0.0785221,0.203057,,78574.68875,1.203622078,,5.498232103,3.86952519,0.315371915,162240,0.167806436,
lon-a+C25_COOH+C17_NH3+L35_CN_COOH+L35_SH_NH3+L74_F_F,2.362896954,537,41.32451,34.90802,41.38475,0.109288,713.586,6529.42,8.61826,0.94187,0.0586831,0.130935,,41878.68969,1.138180922,,4.598005939,3.511127144,0.29835343,242574,0.121150058,
unn+C49_NH3+L32_SH_NH3,2.345227745,657,23.76152,18.29347,23.76152,0.160236,1224.62,7642.59,5.66528,0.90778,0.0761997,0.177089,,128921.9342,1.753187604,,5.914441418,4.074834747,0.451475405,88166.3,0.277344789,
snm+C24_NH3+L43_Br_NH3,2.340547973,132,47.87678,46.03622,47.87778,0.107634,744.1,6913.24,8.79944,0.94712,0.0654962,0.148785,,10571.94064,0.876391416,,3.711193767,2.71698611,0.228245855,79019.7,0.10475752,
ukt+C17_COOH+L44_NH2_F,2.336859586,276,37.71796,20.14792,37.71796,0.131465,959.274,7296.82,7.05916,0.92803,0.0654993,0.129612,,34806.62397,1.239656839,,4.483082444,3.303821715,0.320894112,167690,0.129671853,
pds+C35_NH3+C17_COOH+C54_NH3+C32_COOH+L3_OH_F+L1_F_COOH+L4_SH_F,2.336573962,591,29.54159,24.40937,29.54793,0.134975,836.337,6196.24,6.89069,0.93007,0.0681665,0.153558,,66714.79067,1.418616287,,5.325950374,3.781843831,0.37409502,153020,0.186601125,
mdf+C62_NH3+L1_CH3_NH3,2.329958648,176,27.40908,26.62033,27.63854,0.154501,1214.32,7859.62,5.85893,0.90521,0.0626641,0.118106,,33020.00316,1.351447057,,4.806166826,3.204914953,0.346933953,95203.8,0.16484733,
hms-e+C13_NH3+C13_NH3+L24_NO2_NH3+L8_SH_F,2.329192236,331,44.37222,36.418,44.53644,0.0815539,578.339,7091.49,11.7143,0.95535,0.0584402,0.124233,,15611.88012,0.791333487,,3.258861873,3.040358503,0.2055018,130129,0.094279664,
acs-g+C34_COOH+L37_F_NH3,2.326024862,301,25.19249,19.30774,25.48341,0.136345,943.279,6918.3,6.82714,0.93085,0.0729145,0.16962,,38712.02395,1.297689966,,4.616381455,3.392700906,0.337940149,66478.3,0.198450795,
wme+C24_NH3+L23_F,2.324661076,446,36.11156,22.70035,36.11156,0.119556,905.091,7570.45,7.83032,0.93616,0.0664702,0.141978,,48261.24058,1.22868805,,4.377708913,3.488934802,0.316743878,140893,0.153176074,
sra+C32_NH3+L43_CF3_F,2.317160295,201,23.84176,17.95169,24.08956,0.179272,1230.37,6863.14,5.03943,0.90343,0.0697134,0.165821,,44334.74902,1.584094777,,5.618203705,3.480189629,0.412898564,45391.2,0.266933454,
stb+C24_NH3+C13_NH3+L35_COOH+L75_CH3_F,2.305301121,272,32.32116,25.84383,32.46404,0.112831,772.826,6849.38,8.33845,0.94084,0.0695249,0.167978,,23718.05467,1.053633625,,3.987808602,3.156843633,0.274694844,217541,0.09546068,
yav-d+C13_NH3+C19_NH3+L26_NO2_COOH+L18_NH2_F,2.304171024,141,33.93957,28.41028,33.93957,0.104051,687.186,6604.3,9.10598,0.94749,0.0720061,0.171188,,10081.83706,0.854221746,,3.576373463,2.731062846,0.223628398,83169.4,0.101935426,
clh+C6_COOH+C28_COOH+L68_CF3_NH3+L3_SH_COOH+L35_OH_F,2.304144923,293,35.1345,26.99244,36.38684,0.0805046,471.474,5856.49,11.9747,0.96402,0.0636318,0.143689,,11121.05695,0.748230903,,3.571641264,2.969275156,0.198594191,104610,0.095723697,
uks+C17_COOH+L23_NO2_NH3,2.292241522,2941,58.29187,42.24569,58.35152,0.0844218,521.174,6173.45,11.3493,0.95813,0.0409063,0.0409178,,129399.4332,1.109929477,,8.987566448,4.212722729,0.292816593,323632,0.14603638,
cdm+C31_NH3+C58_NH3+L36_NH2_NH3+L42_COOH_NH3+L74_CF3_COOH,2.291397183,137,24.89829,22.5262,27.00965,0.111236,769.862,6921,8.4784,0.9431,0.071447,0.179574,,11732.18261,0.912732288,,3.59924566,2.760474441,0.237680249,99021.9,0.099070846,
wsx+C32_NH3+C54_COOH+C31_NH3+L72_F_F+L71_CN_F+L71_NH2_NH3,2.274509804,534,35.43287,29.57713,36.72149,0.101344,661.854,6530.74,9.33825,0.94638,0.0624624,0.126392,,35818.01357,1.05453168,,4.330283604,3.444413863,0.276419941,166091,0.12916334,
dea+C31_NH3+C11_NH3+C71_COOH+L37_NO2_COOH+L40_Br_F+L24_CN_COOH,2.272810953,623,27.8846,23.71535,28.12985,0.118256,724.975,6130.56,7.94658,0.93973,0.0737949,0.17934,,53411.43696,1.251636155,,4.967488433,3.669089083,0.330464978,133111,0.172306227,
wji+C32_NH3+L26_NO2_F,2.2712421,365,36.9928,34.98516,36.9928,0.141821,945.355,6665.85,6.50724,0.92286,0.071798,0.165782,,48935.98488,1.389539148,,5.05912698,3.551810339,0.363386936,84089.6,0.205390509,
bne+C54_NH3+C17_NH3+L43_OH_F+L40_OH_F,2.263731865,223,19.89649,18.29143,20.78952,0.166768,1282.27,7688.93,5.4351,0.9064,0.0738763,0.161708,,47686.67755,1.521790988,,5.229651069,3.447644498,0.391622105,68335.8,0.223110448,
vmt+C27_COOH+L25_Cl_F,2.253585651,278,32.16649,27.83536,32.16649,0.130844,915.752,6998.82,7.13607,0.93371,0.0698064,0.153746,,33310.142,1.229595095,,4.470123902,3.303339128,0.319788597,186534,0.122232351,
wkp+C24_NH3+L32_F,2.25353871,365,44.15567,42.95334,44.15567,0.112247,817.598,7283.9,8.37972,0.9406,0.0681536,0.156284,,33497.11679,1.110853294,,4.157473725,3.317995305,0.287609687,177811,0.120684529,
mok+C66_COOH+L66_Cl_F,2.240555232,159,44.64113,44.36732,44.89609,0.115939,943.44,8137.41,8.04322,0.93252,0.0698348,0.162464,,17391.65694,0.998064716,,3.644541572,2.874996993,0.255227781,170993,0.082975582,
nom+C56_COOH+C32_NH3+L24_NH2_COOH,2.217725767,1329,52.07939,51.19163,52.07939,0.079079,511.916,6473.48,12.0753,0.9549,0.0497317,0.0733465,,53800.31933,0.941370979,,5.488073125,3.747347634,0.247005232,222185,0.122215129,
uoj+C18_NH3+L42_CN_COOH,2.212909098,367,43.76989,37.07729,43.83465,0.0749033,501.785,6699.11,12.812,0.95966,0.0664072,0.157047,,13793.82433,0.734985354,,3.298985428,3.047432713,0.192101952,172749,0.080098477,
cdq+C49_NH3+C13_NH3+L41_Cl_COOH+L67_Br_COOH,2.210574924,98,26.10502,20.38707,26.10502,0.124184,903.52,7275.66,7.53253,0.93542,0.0650587,0.1351,,10995.86731,0.9549577,,3.79722308,2.650358184,0.247278419,69652.1,0.112480348,
xac+C17_NH3+C13_NH3+L3_NH2_COOH+L26_Br_F,2.192402525,340,35.40185,27.8498,35.64371,0.115782,772.167,6669.14,8.15066,0.9437,0.0789611,0.213134,,30397.03346,1.120833691,,4.285816619,3.304884717,0.293099692,188949,0.1170585,
urk+C25_NH3+C24_NH3+C13_NH3+L36_Cl_NH3+L25_CN_F,2.185500887,313,45.67334,18.92225,45.67334,0.10188,712.962,6998.07,9.32,0.94952,0.0691943,0.157447,,22735.24596,0.977570568,,3.854469554,3.155333659,0.254246057,141512,0.111987428,
wix+C12_COOH+L41_Br_COOH,2.18545489,540,74.12846,69.37203,74.22277,0.0543714,291.273,5357.11,17.8348,0.9697,0.0408971,0.0408993,,8551.937228,0.553985117,,4.091092994,3.096810885,0.148564074,471203,0.042510042,
snq+C24_NH3+L41_SH_F,2.181217902,256,48.67585,47.21148,48.67585,0.100028,738.679,7384.73,9.44126,0.94439,0.0702208,0.166935,,18915.47725,0.931848648,,3.594106646,3.031989963,0.240891427,159340,0.095843722,
bel+C31_COOH+C25_COOH+L25_COOH+L15_Br_F+L38_COOH,2.175491679,175,43.41409,35.79202,43.44981,0.0727848,444.909,6112.67,13.2684,0.96574,0.0602555,0.14913,,5666.957202,0.618136566,,3.116856306,2.652292643,0.163259076,125056,0.063677733,
tfo+C6_COOH+C35_NH3+L10_Br_F+L73_COOH_NH3+L4_F,2.160977829,420,41.27718,33.38851,41.27718,0.0951976,637.361,6695.14,9.92042,0.9444,0.0651474,0.145998,,25483.59976,0.955395624,,3.932959451,3.266157806,0.249727037,216494,0.099468935,
anh+C13_NH3+C15_COOH+L71_COOH_COOH,2.15940971,514,45.38652,40.88603,45.38652,0.0657273,409.966,6237.39,14.6983,0.96608,0.0568333,0.125083,,13850.22255,0.676209883,,3.570093939,3.153921715,0.178184286,292916,0.06416998,
uon+C25_COOH+L31_CH3_COOH,2.15341184,387,31.44126,28.28374,31.44126,0.0991794,610.633,6156.86,9.61238,0.95335,0.0681979,0.150197,,23437.57703,0.972530043,,4.051315547,3.251585409,0.256647621,120350,0.12548765,
fjh+C34_NH3+C35_NH3+C35_NH3+L36_CH3_NH3+L23_F_F,2.153305911,651,21.78592,18.66006,27.15009,0.131778,980.63,7441.54,7.05217,0.92932,0.0735695,0.177719,,84125.77455,1.435488973,,5.090047374,3.810986592,0.370768076,127048,0.199737735,
fse+C69_COOH+C24_NH3+L68_CH3_COOH+L23_F,2.14536004,219,32.24206,30.46896,32.27149,0.0902432,668.922,7412.44,10.5402,0.95118,0.0656391,0.152362,,13220.07994,0.817371277,,3.0417164,2.880988173,0.211209166,90013.9,0.10294929,
uri+C27_COOH+C18_NH3+C35_COOH+L24_Cl_F+L72_CF3_F,2.143688654,390,45.69878,32.52155,45.69878,0.104282,655.151,6282.5,9.10887,0.94989,0.0636429,0.133744,,26644.97807,1.026260716,,4.297682918,3.29427797,0.270201399,247830,0.098352688,
pyr+C70_COOH+C36_COOH+L26_SH_F,2.14317551,386,31.69317,18.44374,31.69317,0.12006,836.584,6968.05,7.83534,0.94071,0.0671892,0.152101,,38769.94617,1.193461568,,4.377007771,3.410257256,0.310545672,126896,0.150869079,
pts-g+C25_COOH+C32_NH3+L71_NO2_NH3+L8_CH3_F,2.141278255,288,55.66609,54.37479,55.66609,0.0816907,499.844,6118.73,11.6505,0.95174,0.0582646,0.119475,,11759.7906,0.760776203,,3.688826846,2.968373475,0.200909494,176516,0.078243511,
tsd+C13_NH3+C19_COOH+C32_COOH+C52_NH3+L4_NO2_NH3+L17_Cl_COOH+L15_F_COOH,2.140466375,149,38.612,31.36024,39.18569,0.080674,567.151,7030.16,11.8575,0.95659,0.0624432,0.135747,,6817.396626,0.674448513,,2.843283436,2.616802537,0.175319629,130059,0.063927254,
fsb+C17_NH3+C13_NH3+L34_NH2_COOH+L9_NO2_F,2.139102285,298,39.36738,32.99262,39.36738,0.0961997,710.466,7385.33,9.84878,0.94745,0.0646662,0.129835,,20367.29159,0.920745004,,3.462185097,3.087716065,0.238018862,149853,0.101283661,
atn+C18_NH3+L31_CF3_COOH,2.131504244,913,54.85993,42.33784,54.85993,0.0854473,515.829,6036.8,11.2371,0.96018,0.0665866,0.147265,,40241.56632,0.956408896,,5.036716217,3.60419333,0.252964235,288474,0.106729843,
xca+C32_NH3+C10_NH3+L41_CH3_NH3+L38_CN_NH3+L34_CH3_NH3,2.123297634,323,25.34915,21.44819,26.59744,0.109283,846.548,7746.37,8.55539,0.93496,0.0661186,0.139602,,29881.79754,1.066441992,,3.66568168,3.227146755,0.274213179,107726,0.137439712,
sma+C24_NH3+L15_Br_COOH,2.121930442,180,49.4879,47.96354,49.4879,0.0869589,582.846,6702.54,11.0246,0.95869,0.0531927,0.0883836,,9123.056465,0.750386831,,3.319135371,2.755230423,0.196116016,118066,0.080013332,
ssb+C54_COOH+C18_NH3+L34_NO2_NH3,2.118929847,990,48.74792,40.4875,49.34001,0.0788808,511.098,6479.37,12.1654,0.95962,0.07203,0.169408,,39912.66093,0.900657957,,4.784201848,3.592276228,0.236298101,286039,0.101778438,
kew+C36_COOH+C24_NH3+C65_NH3+L67_F_COOH+L15_COOH_F,2.117081036,262,40.10548,33.31169,40.27726,0.0670613,504.341,7520.59,14.3454,0.96202,0.060372,0.123063,,8861.301933,0.628628938,,2.459115439,2.82209551,0.162174428,281905,0.046507545,
sma+C13_NH3+L26_CF3_COOH,2.114462559,186,51.15854,50.3531,51.15854,0.0936157,608.073,6495.41,10.18,0.95301,0.057257,0.106659,,10588.0834,0.810034181,,3.604527436,2.815453533,0.212462043,94188.2,0.097689998,
cdp+C17_NH3+C32_COOH+L2_COOH_F+L23_CH3_F,2.114352331,334,28.9494,21.81363,29.20655,0.117569,820.579,6979.57,7.99073,0.93946,0.0621106,0.120598,,32222.53392,1.140519118,,4.174232365,3.308374951,0.296714348,117562,0.144223635,
dmh+C32_COOH+C9_NH3+C15_COOH+L40_CH3_NH3+L38_Br_COOH+L72_OH_NH3+L2_NH2_COOH,2.107309088,542,39.35763,27.15557,39.35763,0.080752,525.989,6513.63,11.8723,0.95871,0.0668875,0.154952,,23021.26774,0.842000264,,3.831683022,3.292686605,0.22077591,197160,0.095866245,
vmv+C27_COOH+L68_CN_NH3,2.106712171,232,39.3147,32.94706,39.3605,0.0970268,752.693,7757.58,9.74422,0.94545,0.0671098,0.14579,,16943.28322,0.892753361,,3.230266115,2.957655223,0.22951573,162684,0.087550731,
pts-g+C25_NH3+C17_NH3+L37_F_COOH+L8_CN_COOH,2.10533958,610,55.01754,48.48249,55.01754,0.0766213,535.311,6986.46,12.5008,0.95783,0.0575622,0.107881,,25019.89708,0.820424425,,3.821023645,3.322752023,0.213415593,221758,0.091067582,
tsd+C36_COOH+C19_COOH+C62_COOH+C26_COOH+L9_NO2_NH3+L40_NO2_NH3+L42_NO2_F,2.101714588,198,46.49069,42.57761,47.47303,0.0726511,506.091,6966.04,13.2313,0.96127,0.0639344,0.195789,,7280.077434,0.641222393,,2.825763042,2.714868434,0.166855252,149102,0.062136785,
smu+C13_NH3+L75_Br_F,2.096432355,144,40.87696,32.9361,42.71253,0.101503,634.271,6248.78,9.35576,0.94964,0.0683369,0.151983,,9270.778941,0.831583837,,3.721252814,2.726637386,0.219080268,212946,0.056549306,
anh+C24_NH3+C71_NH3+L30_NH2_NH3,2.092788639,403,33.65976,29.49812,33.65976,0.0831171,627.776,7552.91,11.4682,0.9532,0.0641029,0.131934,,21028.10499,0.839787815,,3.146999715,3.154827956,0.2165454,117979,0.107468905,
unm+C17_COOH+L34_COOH_F,2.089294809,234,32.74919,22.26318,32.74919,0.122993,834.817,6787.53,7.63899,0.93954,0.0699381,0.149297,,24026.33546,1.116549182,,4.214795595,3.144833309,0.291396966,91546.6,0.144855059,
msq+C27_COOH+C27_COOH+C24_NH3+L36_CH3_F+L10_CN_F,2.089268947,239,43.94493,39.61382,44.08527,0.10166,757.479,7451.07,9.29044,0.94447,0.0635788,0.13011,,18404.27032,0.936255733,,3.539669901,3.00569226,0.241787931,219769,0.079156473,
uov+C18_NH3+L26_NO2_NH3,2.073891387,329,43.77305,31.72649,43.9616,0.0678718,484.74,7142,14.2252,0.96549,0.0489802,0.0682583,,10824.15801,0.658412081,,2.828984227,2.942990196,0.170846617,170255,0.069247951,
snq+C13_NH3+L32_COOH,2.073075756,383,59.8624,58.24549,59.8624,0.0782534,524.263,6699.56,12.2517,0.95874,0.0724158,0.17168,,15712.71374,0.773412632,,3.592118308,3.093222965,0.202144087,247527,0.072524106,
unj+C32_NH3+L1_Cl_F,2.068624848,146,25.48276,23.45276,25.48276,0.149939,1035.73,6907.68,6.15889,0.92346,0.0688369,0.145704,,22673.26279,1.245943555,,4.696608798,3.056800287,0.324520903,32784,0.218815033,
tsa+C70_NH3+C7_COOH+C24_NH3+L17_F_COOH+L39_NO2_F,2.064368416,384,54.49555,35.50213,55.55164,0.0685691,465.494,6788.69,14.0277,0.96187,0.0659928,0.157711,,12256.70578,0.679012654,,3.242484171,3.026336911,0.177205266,255804,0.062404454,
unh+C54_COOH+L44_OH_F,2.060927173,147,47.31437,44.34953,47.35829,0.0986637,628.083,6365.9,9.58742,0.94593,0.0594772,0.117073,,9109.441925,0.813400445,,3.664687913,2.720108356,0.213835547,85501.5,0.097452071,
wmb+C36_COOH+L14_CF3_F,2.055136786,306,48.19909,42.11685,48.20298,0.0809642,567.114,7004.5,11.789,0.95449,0.0558341,0.101239,,14050.27498,0.773899249,,3.266735481,2.99513675,0.201254447,249764,0.06677064,
qtz-x+C13_NH3+L26_Br_F,2.053421229,60,26.57947,24.23367,26.63715,0.118583,786.772,6634.78,7.96109,0.94405,0.0651361,0.130959,,5597.867045,0.805864646,,3.723607897,2.336424219,0.21085851,69172.4,0.08003783,
srd+C54_NH3+C34_COOH+L26_CH3_COOH+L68_NO2_F,2.052681114,212,30.67394,23.4739,30.68109,0.0956626,663.551,6936.36,9.91276,0.94828,0.0652288,0.139519,,13457.12695,0.854818249,,3.340084892,2.899579466,0.222543337,130091,0.091907702,
sse+C31_NH3+C69_NH3+L49_COOH+L17_NO2_F+L26_CF3_F,2.049651741,150,49.61259,42.73427,49.61259,0.100292,705.955,7038.99,9.34311,0.93704,0.0656358,0.154255,,10620.24583,0.839698144,,3.516514072,2.741379144,0.218244545,182913,0.065590169,
bpn+C15_NH3+C28_NH3+L30_NH2_COOH+L6_COOH_NH3+L36_NH2_F,2.048595138,686,35.46582,31.80854,35.47073,0.0615041,440.273,7158.43,15.7272,0.96729,0.0587987,0.118008,,18575.91591,0.672455855,,3.248235167,3.267833778,0.174445562,247718,0.072570664,
nbo+C19_NH3+L31_CN_F,2.045463312,68,34.97091,22.82503,35.52721,0.0944866,666.97,7058.89,10.1078,0.95505,0.0617266,0.121889,,4285.341477,0.666399229,,3.031528921,2.277889725,0.173147537,69764.3,0.068051096,
raa+C14_COOH+C30_COOH+L26_NH2_COOH+L9_Cl_NH3+L24_CF3_COOH,2.040685808,930,50.17246,45.49502,50.17246,0.0624289,396.724,6354.81,15.5364,0.96992,0.057585,0.102683,,23033.34992,0.704787641,,4.299222531,3.427389474,0.185319125,305191,0.076136149,
tfk+C28_COOH+C17_NH3+L72_COOH_F+L30_CF3_F,2.036049456,141,28.91922,23.36004,29.64245,0.113304,712.217,6285.92,8.37935,0.94941,0.0639166,0.128201,,11378.28193,0.924960255,,3.86761414,2.789874671,0.243515122,51669.5,0.135447199,
srs+C30_COOH+L1_Br_F,2.031401368,88,30.33548,28.85422,30.58968,0.103341,573.428,5548.92,9.26209,0.95715,0.0575521,0.104985,,5214.758819,0.75237916,,3.74962082,2.466863263,0.200944784,64533.3,0.090009056,
wiy+C7_COOH+L15_Cl_NH3,2.026363494,747,32.12802,25.24884,35.38346,0.0920441,676.783,7352.81,10.37,0.9545,0.0735317,0.16143,,46533.52995,1.022569456,,4.190485402,3.551633852,0.264472209,193051,0.124070871,
wsx+C19_NH3+C49_COOH+C17_COOH+L39_F_NH3+L72_NH2_COOH+L1_CN_F,2.025408753,653,47.92306,39.06507,49.32284,0.075676,471.909,6235.92,12.7024,0.96127,0.0595045,0.114586,,23320.05712,0.808394911,,4.139653879,3.350742118,0.21302137,282711,0.08364852,
tsj+C62_NH3+C36_COOH+L75_CN_NH3+L13_SH_NH3,2.013031534,140,46.62659,41.72254,46.78371,0.0581374,379.943,6535.27,16.664,0.9688,0.0595407,0.112102,,3092.445744,0.476031591,,2.506180009,2.453539352,0.124770304,151393,0.039905987,
kag+C13_NH3+L1_OH_F,2.001797801,81,47.82375,43.22506,48.98521,0.0872178,652.434,7480.51,10.9584,0.95577,0.0609384,0.120633,,4609.212508,0.644830821,,2.829677401,2.332956039,0.166453865,76073.8,0.066270445,
unp+C17_NH3+L35_NO2_NH3,2.000738695,652,36.28005,30.78073,36.74321,0.0759131,558.464,7356.62,12.6418,0.95968,0.0577103,0.105574,,27641.36623,0.826070426,,3.531463203,3.351779217,0.213638259,309457,0.080891598,
eft+C58_NH3+C27_COOH+C11_NH3+L40_Br_COOH+L67_OH_F,1.994653771,123,50.47292,46.74374,50.47292,0.0644641,422.44,6553.11,14.9103,0.96118,0.056894,0.143906,,3349.562372,0.514166503,,2.672437308,2.424324041,0.134723852,234138,0.028128395,
wjh+C32_NH3+L4_CH3_F,1.989826351,261,54.84585,54.57442,54.84585,0.0927585,632.592,6819.78,10.2135,0.94739,0.0440124,0.0495862,,15315.03239,0.859393103,,3.652114082,2.99206174,0.224163948,150552,0.091831687,
xca+C18_NH3+C29_NH3+L30_F_COOH+L13_CN_COOH+L3_Br_F,1.989656084,550,60.56043,48.22535,60.56043,0.0574058,372.904,6495.92,16.9572,0.97344,0.059971,0.128282,,11773.76884,0.599776845,,3.459977017,3.127619023,0.157312712,322349,0.0549034,
qzd+C69_COOH+L39_CF3_COOH,1.988636041,101,22.35164,19.6742,22.35164,0.127089,834.091,6563.05,7.36791,0.93638,0.0657491,0.132729,,10706.3829,0.972320647,,4.005069564,2.685692941,0.254727199,46879.6,0.140108637,
crb+C17_NH3+L34_COOH_COOH,1.965761756,428,39.11102,36.40643,39.11102,0.0847726,613.907,7241.81,11.2854,0.95669,0.0649718,0.134262,,22274.18681,0.861032812,,3.426796912,3.198649797,0.22307433,130956,0.107509862,
cds+C62_COOH+L23_SH_NH3,1.96538801,94,18.76686,18.36179,18.76686,0.428343,1927.08,4498.92,1.71104,0.73291,0.043591,0.0856127,,77592.41547,3.087517624,,9.940177721,5.290518378,0.845175504,9049.44,1.00259541,
sol+C24_NH3+L68_NH3,1.955403589,312,38.55754,33.36451,39.25364,0.0769476,645.944,8394.59,12.4118,0.95506,0.0636517,0.131446,,15507.59825,0.753090882,,2.480818017,2.977631627,0.19191921,218572,0.068767502,
crb+C31_NH3+L18_Cl_NH3,1.949031926,304,46.06523,42.07605,46.47252,0.0686553,499.282,7272.3,13.9807,0.95985,0.0636343,0.138855,,10420.62007,0.658269959,,2.770013585,2.908103827,0.170462431,225651,0.059253513,
cds+C58_COOH+L41_COOH_COOH,1.947987641,68,30.39693,23.98708,32.29794,0.0844678,558.275,6609.33,11.3594,0.9595,0.0593512,0.113294,,3206.625751,0.591314515,,2.884641805,2.225942264,0.154787996,50918.9,0.072592121,
fso+C36_COOH+C58_NH3+C66_NH3+L14_F_NH3+L39_Cl_COOH+L35_COOH_NH3,1.930300632,178,40.71308,31.26945,40.71308,0.0725968,575.22,7923.49,13.1934,0.9578,0.0619136,0.143121,,7433.125371,0.636978822,,2.290921796,2.659869805,0.163373291,191753,0.050528816,
sto+C71_COOH+C18_COOH+L38_Cl_F+L72_Br_F+L49_OH_F,1.927464185,189,30.05186,24.42619,30.42041,0.097553,605.197,6203.77,9.76484,0.95259,0.059976,0.114669,,11158.32998,0.842256585,,3.59368856,2.849793344,0.222075678,156452,0.079985973,
cdl-e+C54_COOH+C56_COOH+C19_COOH+L75_CH3_COOH+L36_CH3_COOH,1.924562151,345,38.38072,35.22679,38.56726,0.0680164,433.373,6371.6,14.1667,0.96357,0.0551799,0.106961,,10169.3826,0.656663959,,3.161572424,2.968089966,0.172613319,252894,0.058859776,
smh+C13_COOH+L32_NO2_F,1.919313579,201,89.58594,87.98503,89.58594,0.0662655,408.844,6169.79,14.5836,0.96639,0.0408948,0.0408948,,5445.542668,0.578480308,,3.46774034,2.682850104,0.152622438,242210,0.042374565,
ttx+C24_NH3+C29_NH3+L72_NO2_F+L37_CF3_NH3,1.919201912,213,50.18455,48.03438,50.18455,0.0817365,567.073,6937.82,11.726,0.95844,0.04388,0.0507949,,9872.669762,0.731036981,,3.153446559,2.810543337,0.190313599,126980,0.078766536,
msp+C17_NH3+L15_NH2_F,1.918774151,481,27.62605,22.38321,28.35614,0.0902662,726.442,8047.78,10.544,0.95177,0.0618464,0.115459,,31540.68941,0.945591694,,3.282447853,3.301782528,0.242107044,157481,0.11228025,
npo+C31_NH3+L49_COOH_F,1.911821917,233,58.32623,54.47526,58.32623,0.0750023,552.756,7369.85,12.7425,0.95572,0.0417643,0.0429555,,9659.707322,0.686694893,,2.902159049,2.813622686,0.177557139,180312,0.063590236,
ksx+C49_NH3+C31_NH3+C17_NH3+L41_F_NH3+L35_COOH_NH3+L43_CH3_NH3,1.903918048,578,43.08397,36.37434,43.2389,0.0737506,556.752,7549.12,13.0084,0.95938,0.0613433,0.123878,,23733.13896,0.789903576,,3.305828858,3.273127534,0.203693835,202703,0.088714556,
nou+C62_NH3+C19_NH3+C31_NH3+L36_OH_COOH+L23_CF3_F,1.899939747,258,34.44021,28.48969,34.59457,0.0997202,678.586,6804.89,9.51743,0.94908,0.0600951,0.110543,,17458.53276,0.921744414,,3.630430609,3.034093946,0.240487199,106972,0.113614665,
fdu+C32_NH3+C19_NH3+C25_COOH+L68_NH2_NH3+L44_F_F,1.899349697,191,37.52091,35.02155,37.52091,0.0735438,525.421,7144.33,13.0589,0.9604,0.0638432,0.136255,,7380.518276,0.646524634,,2.65365885,2.701938367,0.167755862,177789,0.055908181,
bel+C69_COOH+C32_NH3+L6_CH3_COOH+L31_CF3_NH3+L31_CH3_COOH,1.897053316,263,47.1651,36.92474,47.1651,0.0806617,547.982,6793.58,11.8701,0.95746,0.054932,0.0923257,,11624.905,0.748017022,,3.248374441,2.913862971,0.195197745,83960.8,0.100660671,
jxj+C15_NH3+C13_NH3+L68_NH2_F,1.89212484,240,33.6802,29.7407,33.6921,0.0606678,468.74,7726.33,15.9033,0.96482,0.0607853,0.117345,,6824.981897,0.561431812,,2.048762695,2.737053598,0.14440218,350200,0.033632273,
baa+C56_NH3+C17_COOH+L6_CF3_COOH+L41_F_NH3,1.887813836,436,37.23332,34.42753,37.23332,0.0751954,533.24,7091.38,12.7415,0.9581,0.0655017,0.147331,,17482.37706,0.764282422,,3.204038564,3.13844732,0.198477242,280066,0.069944523,
xay+C27_COOH+C66_COOH+L4_NO2_F+L41_NH2_COOH+L14_CH3_F,1.861509574,334,56.43155,48.75134,56.43155,0.0583736,423.572,7256.22,16.5527,0.96624,0.0524118,0.0815155,,8258.291115,0.568760506,,2.637095851,2.886817464,0.147320167,365017,0.039897047,
oso+C62_NH3+C18_COOH+L39_F_COOH+L17_SH_F,1.856081527,403,69.71713,64.74127,69.89429,0.046463,296.501,6381.44,20.9229,0.97214,0.0408953,0.0408958,,5551.859363,0.460586505,,3.041516643,2.899489769,0.121050288,453783,0.030943478,
qtz-x+C13_NH3+L49_SH_F,1.852802837,60,34.91305,26.34907,34.96634,0.090511,688.598,7607.89,10.484,0.94892,0.055237,0.0954614,,3739.541615,0.624659389,,2.69329584,2.190179449,0.160942248,152658,0.027985584,
boe+C30_COOH+C67_COOH+L10_NH2_NH3+L37_NH2_F,1.848780888,141,40.095,20.87544,43.43814,0.0817865,643.87,7872.57,11.6796,0.95523,0.0562161,0.103806,,7425.042199,0.6848481,,2.564833615,2.594580764,0.175777109,123872,0.06466136,
crb+C17_COOH+L26_NO2_F,1.846625436,186,39.46974,37.66015,39.97069,0.0856942,593.68,6927.89,11.1675,0.95699,0.0620569,0.119411,,9462.737474,0.746935811,,3.108187175,2.764565373,0.194484096,135425,0.074930296,
dft+C18_NH3+L23_Br_F,1.841922206,163,42.41256,39.00863,42.4391,0.0710217,464.706,6543.15,13.6344,0.96834,0.0564215,0.105073,,5379.68625,0.599510961,,2.845811602,2.605215507,0.157113324,144666,0.055065848,
jjt+C24_NH3+C14_COOH+C71_NH3+L3_CH3_F+L35_CF3_NH3,1.835613581,302,34.03607,24.78237,34.77665,0.0792052,568.891,7182.5,12.1087,0.95907,0.0579618,0.102383,,13607.85588,0.757486086,,2.992411957,2.976172481,0.196429446,164681,0.079474714,
sea+C27_COOH+C13_NH3+L8_Br_F+L39_F_NH3,1.835302575,206,46.88306,42.10708,47.2046,0.0743592,513.757,6909.12,12.8938,0.95877,0.0565214,0.0990762,,7869.72726,0.660600769,,2.91157784,2.745981668,0.172057315,288186,0.042901695,
etm+C7_COOH+C34_COOH+L1_F_NH3+L43_COOH_COOH+L67_CH3_F,1.831373886,912,42.25166,31.79516,42.25166,0.0662115,440.523,6653.27,14.5934,0.96625,0.061161,0.119571,,26600.93202,0.749260213,,4.138670994,3.447485544,0.195985698,359440,0.075605374,
dnq+C69_COOH+C27_COOH+C53_NH3+L30_COOH_F+L17_Cl_NH3,1.830337864,320,50.56559,44.49379,50.85232,0.0570198,405.678,7114.69,16.9022,0.96376,0.0526824,0.0861046,,7402.137096,0.550254098,,2.581594263,2.856626965,0.142843151,273600,0.045378941,
pts-f+C31_NH3+C7_COOH+L43_CN_COOH+L2_Cl_NH3,1.825857655,353,38.87553,34.32115,38.87553,0.0677066,461.489,6816.01,14.25,0.96482,0.0620316,0.126973,,11029.78545,0.661288421,,2.967866883,2.977608678,0.172501163,156854,0.073771795,
sse+C62_COOH+C17_NH3+L40_CN_F+L6_CN_NH3+L2_CF3_NH3,1.824343944,229,37.6607,34.91256,38.05928,0.0849872,634.581,7466.78,11.173,0.94956,0.0622708,0.122198,,12350.25908,0.776779398,,2.942345813,2.869914291,0.20055581,161080,0.076234283,
bpo+C8_NH3+C30_COOH+L26_SH_NH3+L4_NH2_COOH+L30_F_F,1.803885351,556,41.06169,35.11231,41.79938,0.0629274,427.951,6800.7,15.3787,0.96774,0.0541231,0.0927736,,14972.99313,0.662036919,,3.272741803,3.173084091,0.172740419,257300,0.06721028,
yav-d+C24_COOH+C69_NH3+L8_COOH_NH3+L25_CN_NH3,1.80139188,80,36.07422,34.3391,36.45547,0.0716357,566.738,7911.38,13.3868,0.95897,0.0712353,0.168895,,3247.893868,0.531445545,,2.027158437,2.244372942,0.136329183,101745,0.044413052,
mcn+C14_COOH+C24_NH3+L9_NH2_F+L44_Br_F+L68_F,1.800769505,122,39.98937,30.28134,40.11757,0.0854988,623.079,7287.58,11.1871,0.95648,0.0593895,0.108404,,6499.24583,0.68901249,,2.838587547,2.540317573,0.178381262,120588,0.062932164,
pts-f+C32_COOH+C15_NH3+L26_F+L3_SH_NH3,1.799367364,258,44.06763,38.71497,45.96817,0.0469877,339.461,7224.46,20.729,0.97401,0.0562098,0.104972,,4115.22684,0.437266179,,2.056310469,2.687178549,0.113316463,244624,0.034834733,
urh+C32_COOH+C31_NH3+C69_COOH+L42_SH_NH3+L36_SH_NH3,1.786492136,568,36.8998,32.06662,39.64455,0.0835697,636.142,7612.11,11.3937,0.95217,0.0567989,0.0992485,,30196.12738,0.893445083,,3.525792821,3.338785845,0.230180064,255182,0.091846038,
qzd-a+C15_NH3+C7_COOH+L72_Cl_NH3+L32_F_NH3+L36_Br_NH3,1.785322305,318,44.88888,39.85128,45.9529,0.0470451,321.364,6830.97,20.7352,0.97549,0.0631935,0.135162,,4807.715282,0.451421854,,2.390598342,2.788730446,0.117726934,281798,0.036240734,
uoy+C17_NH3+L26_SH_NH3,1.777723126,782,34.68524,29.89562,35.48228,0.0632158,519.226,8213.55,15.2609,0.96473,0.0603708,0.110249,,25667.81041,0.71595353,,2.98194663,3.346534219,0.182896379,302546,0.072825675,
wiz+C8_NH3+L32_CH3_NH3,1.776055299,267,35.08471,29.39695,35.08471,0.0694127,523.796,7546.11,13.8614,0.96216,0.0565387,0.0950548,,9707.611261,0.653127615,,2.474416142,2.847049455,0.168430698,169671,0.064630632,
zzz+C14_COOH+C13_NH3+L34_F,1.77353958,221,39.47236,34.92984,41.23218,0.0747259,539.756,7223.14,12.8484,0.96011,0.0530231,0.0868327,,8913.759387,0.675997953,,2.752373956,2.784557443,0.175186823,251514,0.050029494,
sma+C13_NH3+L15_Br_NH3,1.764542275,233,58.39627,57.14711,58.53474,0.0631756,456.709,7229.19,15.31,0.96722,0.0423168,0.045376,,6722.717568,0.577162092,,2.615709047,2.738036019,0.149559131,172481,0.054185717,
pto-d+C24_NH3+C66_COOH+L35_CN_COOH+L73_COOH_NH3,1.758990387,338,34.12155,28.01127,35.41199,0.0703367,510.791,7262.09,13.6714,0.9616,0.0513938,0.0811111,,12143.44543,0.686788867,,2.773915776,2.973522468,0.177875655,259420,0.059531886,
snw+C24_NH3+L10_NO2_NH3,1.738152294,328,37.8487,31.54463,38.51493,0.0606124,513.336,8469.16,15.9043,0.964,0.0656342,0.140379,,10205.56484,0.598968753,,1.907791145,2.892685776,0.152493152,372893,0.040445549,
sod+C25_COOH+L23_Br_F,1.734924601,415,53.15851,32.70897,53.15958,0.0686316,409.199,5962.25,14.1183,0.96896,0.0416008,0.0423586,,11654.85257,0.678368834,,3.657055015,3.066261717,0.17968083,334366,0.056153874,
lcv+C69_COOH+L24_OH_COOH,1.731472559,958,42.48337,32.23655,42.48337,0.0628988,426.235,6776.51,15.3679,0.96662,0.0651345,0.136283,,25683.66388,0.718406783,,4.08253108,3.44599008,0.187524313,301488,0.07815437,
uoj+C54_NH3+L35_NH2_F,1.729044354,252,35.66739,27.46306,35.66739,0.0843792,613.869,7275.12,11.2983,0.95334,0.057219,0.100672,,13053.03933,0.782517939,,3.018866687,2.916377937,0.202628257,118529,0.090858585,
etc+C34_COOH+C14_COOH+L74_OH_COOH+L40_Cl_F,1.728948514,252,79.07786,77.64804,79.07786,0.0409736,244.369,5964.05,23.9156,0.97991,0.0408949,0.0408949,,2523.19477,0.371490703,,2.936417941,2.638992793,0.098394025,271067,0.027901984,
cdm-e+C19_NH3+C31_NH3+C56_NH3+C62_NH3+L71_CH3_F+L74_CH3_F+L3_NO2_COOH,1.724573361,327,38.62752,37.1083,38.72764,0.0682227,497.049,7285.68,14.0576,0.95905,0.060725,0.11378,,11088.57811,0.662603797,,2.714032904,2.942270433,0.171549237,319292,0.050458671,
ptd+C28_NH3+C6_NH3+L68_NO2_F+L23_CH3_F,1.721974902,537,51.28878,27.30826,51.3271,0.0604474,472.078,7809.73,16.0201,0.96837,0.0543639,0.0897746,,15323.77169,0.642362203,,2.77272272,3.137660543,0.165019848,190757,0.07168918,
lon+C25_COOH+L43_OH_F,1.718951474,103,36.04852,31.18075,36.04852,0.0600472,454.296,7565.64,16.1381,0.96905,0.0616108,0.120739,,2809.757885,0.468817611,,1.863497929,2.311297532,0.120865239,129426,0.037165731,
qzd+C69_COOH+L42_CF3_F,1.717294715,41,23.91218,20.9049,23.91218,0.110727,775.298,7001.88,8.51264,0.94258,0.0578991,0.102141,,3519.703287,0.686673505,,3.339627768,2.081148967,0.178578718,49124.4,0.072886437,
wje+C32_NH3+L66_NH2_NH3,1.71667793,255,43.10539,40.92619,43.10539,0.0553607,441.776,7979.95,17.4669,0.96698,0.0594674,0.114539,,6236.542294,0.519854699,,1.881019931,2.73371866,0.133227749,307788,0.035338748,
cat+C19_COOH+C24_NH3+L49_CF3_COOH+L66_CF3_F,1.712627895,276,56.55204,46.98704,56.55204,0.0521418,360.845,6920.46,18.6375,0.97179,0.0535018,0.089802,,5192.969759,0.488747007,,2.515504937,2.752285,0.127273393,431949,0.027066295,
hof+C18_COOH+C7_COOH+L73_SH_NH3+L71_Br_F,1.711631237,175,56.80678,47.44892,56.80678,0.0568256,349.93,6157.96,17.0983,0.97162,0.0524974,0.0849784,,3479.871886,0.483009137,,2.836929784,2.556596798,0.127461983,255972,0.031220427,
mot-a+C6_COOH+C71_NH3+C29_NH3+L15_NO2_COOH+L30_SH_F+L23_SH_F+L25_F_F,1.71099544,348,61.41711,58.53262,61.53312,0.0535025,376.92,7044.91,18.184,0.97289,0.0409092,0.0409233,,7017.82448,0.523237349,,2.683851882,2.874790196,0.135980843,197724,0.051940681,
srs+C28_COOH+L3_NH2_F,1.7106206,198,38.57931,36.66393,38.8021,0.0590156,397.265,6731.52,16.4474,0.97065,0.049491,0.0717617,,4642.076802,0.518858911,,2.461599215,2.630954201,0.135539074,109000,0.058259168,
mog+C56_NH3+C18_NH3+L38_CF3_NH3+L9_NH2_NH3,1.707190287,218,41.98424,30.5392,42.01164,0.0553861,437.342,7896.25,17.4804,0.96817,0.0561888,0.100166,,5280.541569,0.504786101,,1.840103991,2.656534096,0.129517985,185963,0.043934972,
cdz+C66_NH3+C54_COOH+L18_F_F+L31_CN_F+L35_F_F,1.705158203,26,40.0482,39.13174,40.0482,0.0713,489.768,6869.12,13.4907,0.96189,0.0607082,0.11744,,907.9319184,0.387095743,,2.412780764,1.667432491,0.1008876,69794.8,0.020022639,
tfz+C11_COOH+C31_NH3+L2_CF3_NH3+L68_NO2_NH3,1.700541933,69,80.64653,79.6531,80.64653,0.0502994,351.725,6992.62,19.3553,0.97356,0.0408951,0.0408953,,1220.717396,0.355602304,,2.27294258,2.064645478,0.092493006,138054,0.020550965,
sse+C25_NH3+C25_COOH+L34_COOH_NH3+L23_CF3_NH3+L66_F_COOH,1.700014167,435,50.42103,46.77481,50.42111,0.0541422,350.302,6470.03,17.9662,0.97273,0.0490736,0.0723007,,8250.262611,0.544401733,,3.052487248,2.98880465,0.142853613,298389,0.048016614,
npo+C32_NH3+L67_Br_F,1.6919605,120,47.13925,45.46356,47.13925,0.0771612,525.531,6810.82,12.4235,0.95861,0.048203,0.0635189,,4866.072312,0.614968306,,2.86199103,2.483439299,0.16043212,139552,0.05098536,
qza+C11_COOH+C35_COOH+L28_F+L2_NO2_NH3,1.689660073,340,59.98799,55.18683,59.98799,0.0466389,299.484,6421.33,20.9357,0.97642,0.0437087,0.0515924,,4748.985471,0.449548737,,2.795168142,2.818468691,0.118065392,306264,0.035554171,
bpt+C15_NH3+C34_NH3+L1_F+L25_F+L3_Cl_NH3,1.682839052,142,42.6603,34.22873,42.75165,0.059117,466.652,7893.69,16.376,0.9681,0.0527846,0.0908394,,3917.363412,0.495877562,,1.819904471,2.466138446,0.12723683,140614,0.042942708,
anh+C13_NH3+C70_NH3+L34_SH_COOH,1.67678125,350,45.34691,39.36321,45.38204,0.0547279,399.055,7291.62,17.7363,0.97067,0.0520959,0.0864853,,7643.804747,0.537826789,,2.425109571,2.88573617,0.139231502,269370,0.045820673,
unc+C17_NH3+L3_Cl_NH3,1.676166529,128,40.00248,38.72367,40.00248,0.0636305,500.387,7863.95,15.1946,0.96684,0.0541687,0.0867182,,4075.504,0.522338512,,1.922896189,2.439710596,0.134082824,77322.7,0.06040784,
dmd+C17_COOH+C12_NH3+L4_NH2_NH3+L25_CH3_COOH,1.668520246,196,40.5059,36.25751,40.84018,0.0536574,383.777,7152.35,18.0864,0.97047,0.0692424,0.149894,,4036.125296,0.47408371,,2.114204634,2.593704716,0.122996501,193918,0.038902566,
bor+C26_NH3+C54_COOH+L41_CH3_COOH,1.667462712,278,51.4462,42.03467,51.4462,0.0524169,367.598,7012.96,18.503,0.96987,0.0470348,0.0672546,,5356.600635,0.492695545,,2.424563057,2.757566927,0.128109252,266452,0.038771861,
bpe+C53_COOH+C15_COOH+L32_NO2_COOH+L34_Br_COOH+L25_CH3_COOH,1.663354315,621,42.2507,36.58969,44.27577,0.0490133,330.625,6745.62,19.8799,0.97438,0.0498184,0.0702237,,10063.31886,0.524187874,,3.069920722,3.126788304,0.136898637,466327,0.041417242,
anh+C36_COOH+C29_COOH+L8_F_F,1.656470436,226,39.14604,34.35809,39.14604,0.0677439,491.702,7258.25,14.1876,0.96112,0.0557041,0.0990294,,7528.017313,0.615711911,,2.517926906,2.751505367,0.159476487,181932,0.055906011,
msp+C58_NH3+L31_CN_NH3,1.648964128,195,32.7017,29.74774,32.7017,0.0694209,602.187,8674.44,13.7919,0.95745,0.0561657,0.095702,,8151.850884,0.626086911,,1.79568453,2.686970796,0.158976264,177006,0.053728175,
uov+C58_COOH+L76_OH_COOH,1.647588926,542,45.86355,39.46864,45.86355,0.0570672,388.89,6814.61,16.9968,0.96996,0.0469452,0.0620802,,12028.53197,0.598099922,,3.118350291,3.117924516,0.156021684,296830,0.05650836,
ttx+C13_NH3+C12_NH3+L42_COOH_COOH+L71_Cl_F,1.645452078,274,77.45189,72.54533,77.45189,0.0416826,286.13,6864.49,23.4251,0.97642,0.0409158,0.0409365,,3267.900001,0.389844602,,2.469183994,2.683316279,0.101611782,416461,0.022076565,
key+C24_NH3+C13_NH3+C67_NH3+L23_NO2_F+L10_CH3_NH3,1.644076903,305,51.24333,31.47162,51.24333,0.053381,451.367,8455.57,18.1389,0.96827,0.0650241,0.163448,,7348.798657,0.520795736,,1.754514814,2.809215211,0.13261441,289502,0.03978302,
ttx+C13_NH3+C67_NH3+L4_OH_COOH+L42_SH_NH3,1.641707192,228,74.57617,71.46147,74.57617,0.0386866,276.479,7146.62,25.3033,0.9789,0.0409066,0.0409182,,2438.695406,0.351572924,,2.100649761,2.57761708,0.091220482,359797,0.019793727,
qtz-g+C71_NH3+L44_OH_COOH,1.634568256,473,45.06637,35.50945,45.13608,0.0601873,422.811,7024.92,16.0383,0.9653,0.0521822,0.0835893,,12036.83423,0.619281067,,2.958367181,3.0724763,0.16099267,224635,0.063744649,
bpn+C14_COOH+C15_COOH+L42_COOH_NH3+L8_NH3+L36_COOH_NH3,1.630545097,606,46.00951,39.21192,46.74655,0.0396122,281.591,7108.69,24.6939,0.97818,0.0516739,0.0802161,,6759.59004,0.424543716,,2.598627214,3.048197483,0.110219862,594416,0.028644804,
nom+C66_COOH+C18_NH3+L38_OH_COOH,1.626124619,687,65.76544,59.85324,65.76544,0.0433124,309.62,7148.53,22.5055,0.97477,0.0409251,0.0409593,,9212.934693,0.473588443,,3.044910822,3.134477184,0.122875405,494788,0.03739109,
wiz+C10_NH3+L71_CF3_COOH,1.623071782,528,46.08571,39.74518,46.32869,0.0528732,353.453,6684.91,18.4021,0.97298,0.0593471,0.118826,,9867.364932,0.550639214,,3.046797921,3.075122715,0.143954368,366947,0.046570704,
bto+C14_NH3+L24_COOH_F,1.622013268,239,37.06575,31.32986,37.06575,0.0533826,380.375,7125.44,18.2222,0.97275,0.0518807,0.0793147,,4852.992148,0.489172482,,2.164489622,2.689472531,0.126965064,119603,0.054857493,
dmc+C6_COOH+C31_NH3+L9_Cl_F+L15_CH3_NH3,1.616022137,211,33.95027,25.87265,33.95027,0.0635897,499.368,7852.97,15.211,0.96726,0.0529064,0.0843709,,6700.233536,0.575687668,,2.02602531,2.690782559,0.147800424,149058,0.055874022,
upa+C31_NH3+L10_COOH,1.612152032,602,42.9291,31.68266,42.93221,0.0548046,469.274,8562.68,17.6438,0.96696,0.0521309,0.0825081,,15482.46106,0.599072818,,2.244984891,3.153452944,0.152334674,204794,0.066156438,
ins+C35_NH3+C12_COOH+L9_CN_COOH+L4_Br_F,1.604116574,150,47.08356,34.83848,47.08356,0.0624367,409.005,6550.71,15.5063,0.96816,0.0584602,0.106774,,3830.538373,0.518511305,,2.636374465,2.512544744,0.135867957,223973,0.033848616,
dma+C8_NH3+C71_COOH+L2_CN_NH3+L34_OH_F+L6_COOH_NH3,1.593644033,479,36.93422,30.97427,38.30469,0.0553805,385.489,6960.74,17.5405,0.9714,0.0539339,0.0837733,,10225.96674,0.570397317,,2.792540939,3.044876348,0.148438321,324413,0.049497378,
nia+C24_NH3+C13_NH3+L14_Br_F,1.589823759,153,47.75275,36.75777,50.24809,0.0526448,391.098,7429,18.4313,0.97031,0.0500977,0.0755635,,3150.159227,0.445205933,,1.955010497,2.466237546,0.115012643,316889,0.020766582,
hst+C25_COOH+C67_COOH+L2_SH_COOH+L30_CH3_COOH,1.58758571,326,51.83365,49.28125,51.88093,0.03943,255.959,6491.47,24.8709,0.98066,0.0528164,0.0863737,,3290.143059,0.377788595,,2.452182527,2.752073905,0.09909617,384337,0.02522929,
cds+C25_NH3+L13_F_COOH,1.58043947,24,46.9252,38.58606,52.53858,0.0404644,254.476,6288.88,24.2324,0.98055,0.0455952,0.0583812,,247.1332477,0.212148115,,2.007728446,1.514990677,0.05584942,146966,-0.00363297,
afw+C62_COOH+L26_CH3_COOH,1.578518819,542,51.0934,47.24084,51.74324,0.0490778,322.122,6563.48,19.8089,0.97218,0.0511386,0.0817431,,8568.499188,0.512177986,,3.093210147,3.061090693,0.13417867,433385,0.04018866,
twt-e+C58_NH3+C49_NH3+L71_CH3_F+L75_CN_F,1.57813769,290,46.85906,39.73319,46.85906,0.0570953,428.072,7497.51,16.9592,0.96829,0.051426,0.0771491,,7087.860786,0.544779829,,2.289344866,2.808364984,0.140591352,232682,0.046853962,
tfz+C71_NH3+C17_COOH+L13_COOH_COOH+L44_CF3_F,1.577800957,134,105.64069,104.9968,105.64069,0.0424714,259.963,6120.89,23.0597,0.97938,0.0408948,0.0408948,,1479.493003,0.342105065,,2.934006973,2.345634212,0.090341119,237470,0.01953473,
smh+C24_COOH+L66_COOH_NH3,1.574351884,437,121.95738,119.54559,121.95738,0.0348496,250.642,7192.1,28.1306,0.98034,0.0408948,0.0408948,,3817.095995,0.35490679,,2.875858553,2.861097901,0.092019722,540457,0.02156692,
kea+C35_COOH+C17_COOH+L67_Br_NH3+L10_SH_COOH,1.573658942,301,47.27798,43.46731,50.25377,0.0543368,403.455,7425.08,17.8424,0.9695,0.0441145,0.0506781,,6598.658547,0.521295857,,2.299758708,2.808907093,0.134677372,455603,0.029085176,
nod+C28_COOH+C52_NH3+L49_Cl_COOH+L2_Br_COOH+L40_NO2_COOH,1.565994937,633,52.08582,43.76088,53.62804,0.0421004,277.828,6599.17,23.2485,0.97877,0.0595867,0.117198,,7403.992066,0.450471398,,3.085256841,3.086569778,0.117940217,487702,0.034936453,
nom+C69_NH3+C17_COOH+L43_NH3,1.563270922,282,59.01434,56.35577,59.10817,0.0468642,391.646,8357.04,20.7088,0.9705,0.0415307,0.0427588,,5175.877765,0.450365224,,1.620884269,2.729445581,0.114828964,320535,0.03106624,
mmt+C62_NH3+L44_F_COOH,1.557075665,267,43.17295,38.31616,43.17295,0.0549132,404.9,7373.45,17.6143,0.96726,0.0460032,0.0565774,,5936.5727,0.51535745,,2.201670031,2.753566131,0.133247498,322054,0.03505964,
unj+C18_NH3+L8_SH_F,1.556532721,140,48.07018,44.19101,48.07018,0.0477002,376.484,7892.72,20.3972,0.97295,0.0510411,0.0727955,,2514.170694,0.398961967,,1.504683269,2.395277461,0.102370737,224807,0.024184127,
dma+C53_NH3+C29_NH3+L36_CN_F+L75_NH3+L36_Br_F,1.551211621,303,41.45463,32.48789,41.45463,0.0694516,545.319,7851.79,13.8501,0.96191,0.0551046,0.0880262,,11475.60295,0.671259528,,2.475412272,2.911761763,0.172340161,285093,0.052377043,
ofp+C71_NH3+C19_NH3+C66_NH3+L76_F+L76_F_COOH,1.55042376,562,45.46806,41.90313,45.46806,0.0534707,379.985,7106.42,18.1629,0.97118,0.0524266,0.080416,,11418.75193,0.566309482,,2.902069865,3.110009742,0.147030326,353038,0.049600429,
bcn+C25_COOH+C56_NH3+L35_OH_F+L35_CN_F,1.55034825,147,44.72202,42.04846,44.72202,0.0588123,438.993,7464.3,16.4228,0.96586,0.0536284,0.0888374,,3795.273638,0.493670233,,2.054248521,2.48161728,0.127464917,203001,0.0340253,
wiy+C68_COOH+L35_Br_F,1.548604685,140,38.80021,29.07325,39.04261,0.0881007,589.807,6694.69,10.8854,0.95901,0.059145,0.0985337,,7274.737339,0.723351451,,3.163803043,2.628792627,0.189075382,199724,0.050036614,
dia+C62_NH3+L32_NO2_F,1.538625883,149,37.85566,31.72629,38.01068,0.0594262,440.799,7417.59,16.221,0.96395,0.0513129,0.0760858,,3903.056421,0.499822003,,2.028739417,2.491857209,0.129144202,266720,0.027501498,
mrc+C24_NH3+C66_COOH+L31_NH2_NH3+L38_NO2_F,1.537117783,208,37.97992,32.41537,39.24718,0.0565848,504.349,8913.15,17.0701,0.96591,0.0515587,0.0777472,,5936.005357,0.518114338,,1.314964769,2.640645473,0.13116715,181043,0.044478368,
moc+C62_NH3+C14_COOH+L6_NH2_F+L75_SH_NH3+L25_NO2_NH3,1.536720909,323,52.44446,49.97343,52.44446,0.0452987,316.145,6979.12,21.5161,0.97465,0.0544865,0.0929269,,4625.669276,0.436900269,,2.338609162,2.7850591,0.113663612,335242,0.031735075,
raf+C14_NH3+C6_COOH+L66_OH_NH3+L67_SH_F+L35_COOH_COOH,1.53587895,478,61.21595,49.29504,61.4924,0.0379966,277.109,7293,25.7521,0.97849,0.0552049,0.0907392,,5032.957518,0.393279198,,2.34890347,2.92441279,0.10180915,609911,0.023032405,
ssf+C54_NH3+C66_COOH+L71_NH2_NH3+L24_NO2_COOH+L3_Br_NH3,1.53160609,755,82.53168,75.02155,82.53168,0.0524029,367.969,7021.91,18.5278,0.97091,0.0408983,0.0409017,,14558.39525,0.580094558,,3.688445625,3.247025389,0.150812766,413925,0.051813801,
fdu+C18_COOH+C35_COOH+C66_COOH+L35_NH2_COOH+L15_CF3_F,1.53098384,358,55.75378,45.31424,56.75131,0.0479858,348.907,7271.04,20.295,0.97387,0.0520903,0.0827181,,5993.844184,0.473239119,,2.371792516,2.852244831,0.12255012,348089,0.035041343,
qtz-a+C32_NH3+L10_SH_F,1.528602231,291,71.90328,56.81454,71.90328,0.0382757,281.936,7365.93,25.5201,0.9768,0.0431019,0.0475177,,3140.267647,0.364707517,,2.056953215,2.690899895,0.094307229,462868,0.019490742,
bto+C11_COOH+L40_CH3_F,1.527223547,81,48.79655,44.01652,48.79721,0.0381887,244.652,6406.41,25.6717,0.98037,0.0506133,0.077922,,756.7782884,0.277435833,,1.953546076,2.083902786,0.072882562,270501,0.006827983,
isq+C18_NH3+C32_COOH+L36_OH_COOH+L13_CN_F,1.524291125,369,64.01869,47.50937,64.02648,0.0410238,279.783,6820.02,23.8291,0.97756,0.0605582,0.121917,,4235.294117,0.403732808,,2.520951139,2.821331575,0.105309176,611637,0.02012257,
bbf+C19_COOH+C66_COOH+L23_NH3+L38_Cl_NH3,1.52396055,314,43.36125,35.37329,43.7476,0.0518729,423.469,8163.58,18.7059,0.97033,0.0499612,0.07123,,6897.501438,0.506678447,,1.793655241,2.813709171,0.129522982,172768,0.051237077,
mco+C67_COOH+C7_COOH+C12_COOH+C62_NH3+L39_CF3_COOH+L43_NO2_NH3+L6_F_F,1.522784366,221,51.47049,39.12749,52.97601,0.046094,318.457,6908.86,21.1476,0.97478,0.049057,0.0741587,,3244.049488,0.414895536,,2.204587772,2.606899456,0.108062417,329266,0.024864005,
sxc-d+C14_COOH+C52_COOH+L58_COOH_NH3+L74_NH2_NH3+L36_NH2_COOH,1.521499449,509,51.21549,44.04153,54.49044,0.0399815,279.022,6978.77,24.4238,0.9765,0.0515008,0.0818168,,5678.260509,0.415968512,,2.575109212,2.96773061,0.108218637,447759,0.030897878,
noj+C26_COOH+C7_NH3+L24_CH3_COOH+L31_COOH_COOH+L44_OH_COOH,1.520139611,496,65.6769,62.14189,65.6769,0.0400155,275.201,6877.36,24.4226,0.97728,0.0579537,0.105298,,5462.103585,0.413908329,,2.72746623,2.955642372,0.107861047,333856,0.03565938,
ptd+C67_COOH+C28_COOH+L67_OH_COOH+L24_NH2_NH3,1.519959668,1928,78.85449,41.57849,79.78299,0.0395142,282.514,7149.68,24.7792,0.97913,0.059398,0.112226,,21522.87074,0.500318685,,5.525873674,3.598021246,0.129808376,529508,0.050857366,
dnr+C19_COOH+C35_NH3+C70_NH3+L3_NH3+L44_F_NH3,1.50719795,542,93.14707,89.61971,93.14707,0.0401464,313.394,7806.26,24.3068,0.97583,0.0408948,0.0408948,,6819.249358,0.427235436,,2.580424398,2.99878132,0.109760229,513143,0.029733707,
bba+C56_COOH+C17_NH3+L44_CF3_NH3+L72_NH2_F+L40_CN_COOH,1.495685911,396,46.94697,36.53679,50.60671,0.0532693,425.096,7980.13,18.1628,0.96752,0.049393,0.0666018,,8967.248276,0.53995001,,2.169785605,2.936685842,0.138377404,419895,0.037082622,
uoq+C18_NH3+L8_NH2_NH3,1.490325163,304,100.92341,98.95728,100.92341,0.0354244,297.192,8389.47,27.6228,0.97852,0.0408948,0.0408948,,3200.465879,0.345109351,,1.698121152,2.693884726,0.087954307,579545,0.015159828,
pth+C62_NH3+C31_COOH+L9_CH3_NH3,1.487733765,164,42.17204,39.91232,42.47184,0.0422288,343.737,8139.87,23.0996,0.97547,0.0515436,0.0821417,,2380.558568,0.365760826,,1.176561608,2.441023232,0.093530198,244932,0.022717599,
sty+C69_COOH+C6_NH3+L34_F_F+L75_F_F,1.485249686,506,52.52129,47.1478,54.13621,0.0459557,329.597,7172.07,21.2339,0.97582,0.0451342,0.0542462,,7664.311592,0.479145301,,2.629428959,3.005983285,0.12427113,451280,0.035258406,
bcu-g+C52_NH3+L9_Cl_COOH,1.482655151,275,46.8521,24.37448,49.64194,0.0600867,503.449,8378.71,16.0633,0.96519,0.0562195,0.0885227,,8318.911983,0.575025772,,1.947603058,2.801287843,0.146571452,305680,0.040653922,
umx+C62_COOH+L2_NO2_COOH,1.474524862,343,86.33335,81.9533,86.33335,0.0364154,242.113,6648.64,26.8776,0.97876,0.0412453,0.0418616,,3024.108117,0.352929027,,2.678617317,2.757044331,0.092323749,566657,0.017893828,
unj+C17_COOH+L13_Br_NH3,1.474224386,210,66.42752,64.66783,66.58157,0.0403553,253.419,6279.69,24.2823,0.97992,0.0409085,0.0409219,,2147.627952,0.355919435,,2.525365857,2.548346795,0.093713856,376771,0.018330702,
cds+C58_NH3+L58_SH_F,1.470316269,6,39.90716,31.39247,39.90716,0.0541428,445.204,8222.77,17.8851,0.96835,0.0460014,0.0602208,,144.6275468,0.164944755,,1.191561914,0.881468546,0.042131288,108452,-0.031205638,
sur+C19_NH3+C65_NH3+L41_F_NH3+L72_NH2_NH3,1.470149455,399,48.34829,41.72097,49.43958,0.0408617,324.725,7946.94,23.9006,0.97662,0.0530094,0.0843013,,5294.257397,0.414513928,,1.777800702,2.857574268,0.106280174,336840,0.032322141,
etj+C7_COOH+C11_NH3+L3_NO2_F+L37_Br_F+L72_Br_F,1.467377289,339,60.24323,54.61721,60.24323,0.0377755,227.893,6032.84,25.9764,0.98127,0.0534982,0.0869182,,2918.373715,0.361340606,,2.790011016,2.760134844,0.095579559,622021,0.016760033,
uki+C69_COOH+L25_OH_F,1.46368126,436,41.03971,32.00821,41.03971,0.0591342,457.032,7728.73,16.3291,0.96561,0.0477031,0.062431,,11783.43266,0.606871167,,2.462840583,3.024500379,0.156083922,348474,0.048764762,
xux+C9_COOH+C35_NH3+L67_F+L37_CH3_NH3,1.459566583,160,55.00467,35.02539,55.56638,0.0430856,337.577,7835.03,22.6493,0.97586,0.047858,0.0626935,,2327.153215,0.369800811,,1.50715627,2.434001446,0.094965832,323970,0.017333192,
xbe+C29_NH3+C17_NH3+L36_OH_NH3+L10_Cl_COOH+L25_F_F,1.458501646,453,47.34416,43.08667,47.61035,0.0476454,383.4,8046.95,20.4284,0.97332,0.0526685,0.0805335,,8275.062601,0.494261005,,2.030668923,2.964077317,0.126550861,273795,0.044919917,
dmb+C11_COOH+C70_NH3+L15_CH3_NH3+L25_CH3_COOH+L75_NO2_F,1.441505776,502,63.88398,59.71379,64.63995,0.0356084,256.47,7202.51,27.5303,0.98031,0.0505408,0.0774135,,4584.508147,0.370965499,,2.411909789,2.931469245,0.096167738,646697,0.021393622,
phx+C69_NH3+C30_COOH+L10_NO2_COOH+L13_OH_NH3,1.422370927,334,55.9822,47.65643,57.86016,0.0296607,226.638,7640.99,33.1323,0.98273,0.0541251,0.0986973,,2245.228737,0.290677386,,1.564088687,2.70213115,0.074856087,509659,0.015556883,
hst+C66_COOH+C29_COOH+L67_OH_COOH+L13_NH2_COOH,1.419799568,223,54.49605,51.07911,54.49605,0.0351997,271.693,7718.6,27.8295,0.97959,0.0484694,0.0675258,,2132.663197,0.321342484,,1.43655275,2.54656155,0.082659627,503828,0.012396651,
brl+C35_NH3+C56_NH3+L71_Br_NH3+L37_NH2_F,1.417071159,165,46.45785,41.57813,46.72204,0.0473348,396.399,8374.38,20.5177,0.9712,0.0447495,0.0530269,,3095.972119,0.411769427,,1.265751494,2.472835825,0.104964159,336027,0.019011891,
bto-e+C49_NH3+C25_COOH+L15_SH_NH3+L66_CF3_NH3,1.416905499,686,65.96906,55.06776,65.96906,0.0283151,206.563,7295.15,34.7963,0.98526,0.0497197,0.0746697,,4012.312473,0.310243373,,2.516108045,3.027408023,0.080310801,727352,0.019356942,
geo+C9_COOH+C34_COOH+C35_COOH+L74_NH2_NH3+L10_F+L34_SH_F,1.409337256,376,74.14488,48.54212,75.54801,0.0367543,260.656,7091.85,26.6537,0.97964,0.0714304,0.164694,,3602.166037,0.364471412,,2.378594166,2.802613527,0.094649227,714823,0.015756106,
nom+C56_NH3+C35_NH3+L1_Br_F,1.40850125,240,51.97093,48.77655,51.97093,0.0570893,428.367,7503.46,16.9194,0.96592,0.0415214,0.0424982,,5869.241322,0.526588344,,2.241822123,2.714593482,0.135884594,295471,0.035974343,
phw+C11_COOH+C62_COOH+L23_F+L3_SH_F,1.406550615,136,64.15419,57.95431,64.15419,0.0337676,221.066,6546.71,29.069,0.98159,0.0550533,0.0962685,,1015.222084,0.274923432,,2.025067537,2.306047068,0.072044488,502175,0.004529013,
mou-e+C62_NH3+C35_COOH+C62_NH3+L36_COOH_COOH+L37_SH_NH3+L9_CN_NH3,1.406240161,396,127.31207,126.38422,127.45838,0.0316408,241.725,7639.67,30.9702,0.97992,0.0518777,0.0767999,,3028.755462,0.319162148,,2.487213552,2.794016648,0.082193154,576014,0.017314489,
lon+C66_COOH+L24_CN_COOH,1.401646391,148,36.82028,33.04006,37.51905,0.0469738,401.237,8541.72,20.6994,0.97233,0.0550588,0.0876824,,2789.448735,0.400803118,,1.031140571,2.418164879,0.10194544,160761,0.032032361,
crr+C69_COOH+L1_CN_F,1.398894945,205,61.53936,38.62661,61.9186,0.0485063,385.569,7948.85,20.0261,0.97139,0.0584155,0.103806,,3834.017745,0.437359165,,1.775466982,2.584924672,0.112134626,367152,0.022264889,
ttg+C29_COOH+C26_NH3+L68_NH2_F+L23_NH2_NH3+L71_CF3_NH3,1.396176383,512,54.0606,42.65094,54.0606,0.0357493,270.23,7559.02,27.3809,0.97885,0.0567606,0.0955099,,4946.19307,0.375646854,,2.112764641,2.941721684,0.096854505,315468,0.033208653,
bbr+C56_NH3+C17_NH3+L37_F_NH3+L40_SH_F+L30_Cl_NH3,1.394388649,195,56.16025,54.70043,56.16025,0.0406252,359.61,8851.87,23.9708,0.97382,0.0425165,0.0460331,,2848.799494,0.36720496,,0.922591627,2.51459036,0.093033114,295029,0.021657147,
pts+C31_NH3+C66_NH3+L73_Cl_F,1.393758635,53,32.97807,30.42377,39.65955,0.0544816,460.713,8456.3,17.7385,0.96642,0.0463309,0.0587478,,1330.320213,0.368924463,,1.172646348,1.954737076,0.093941308,126668,0.01807253,
sur+C66_COOH+C9_COOH+L31_OH_COOH+L39_Cl_F,1.391494189,715,61.16323,59.62754,61.24582,0.0340221,223.599,6572.18,28.9042,0.98338,0.0517808,0.0780734,,5439.22489,0.370735801,,3.125754778,3.086900541,0.097109486,519132,0.028992312,
bbe+C19_NH3+C66_COOH+L75_CF3_COOH+L13_OH_COOH+L71_Br_NH3,1.389410905,303,64.62836,61.63428,65.28238,0.036635,254.158,6937.59,26.7766,0.98096,0.0415529,0.0424123,,2821.256734,0.349195252,,2.212643884,2.69984753,0.090907651,538420,0.01677927,
stj+C29_NH3+C17_NH3+L8_Br_F+L3_F_F,1.38883277,460,53.00056,48.34381,53.00056,0.049272,387.012,7854.6,19.7481,0.97303,0.0505403,0.0739549,,8771.673421,0.511037956,,2.258201393,2.982659455,0.131199404,453337,0.035715107,
dia-f+C8_NH3+L23_CF3_NH3,1.387202102,1189,55.95431,45.92089,56.17076,0.032247,237.428,7362.78,30.5061,0.98373,0.0413537,0.0420277,,9103.389111,0.383476708,,3.478644774,3.312209538,0.099165389,489280,0.035553369,
tfk+C65_NH3+C62_COOH+L2_OH_F+L24_Br_F,1.385528057,191,52.13002,38.48822,52.26779,0.0451859,321.655,7118.49,21.6083,0.97639,0.051647,0.0763442,,2776.045697,0.397067721,,1.996513266,2.531147991,0.103070546,194304,0.032002609,
ffc+C66_COOH+C69_COOH+C71_NH3+L44_SH_COOH+L2_Br_F,1.381418375,292,67.17733,60.77292,67.17733,0.0374262,265.796,7101.87,26.1835,0.97995,0.0416643,0.0425313,,2904.738403,0.355365821,,2.137512378,2.687265465,0.092269912,291250,0.026737684,
wjh+C32_NH3+L10_CN_NH3,1.380834677,362,95.93583,94.8213,95.94097,0.0303135,266.547,8793,32.3212,0.97977,0.0408948,0.0408948,,2924.950039,0.30592073,,1.336731165,2.743685473,0.077563412,567345,0.015588242,
srd+C56_NH3+C7_COOH+L36_SH_COOH+L4_Br_F,1.375007979,158,61.61143,49.28245,61.61143,0.0397157,276.108,6952.11,24.6441,0.97876,0.0556119,0.0954025,,1732.599954,0.335498255,,1.967357883,2.409201917,0.087321205,489498,0.008435109,
wjh+C32_COOH+L10_F_F,1.372769422,371,96.17292,94.39583,96.17292,0.0343117,256.829,7485.16,28.562,0.98001,0.0408948,0.0408948,,3269.340891,0.341547967,,2.281498691,2.780603146,0.088159587,567345,0.018013343,
xbe+C10_NH3+C69_COOH+L66_OH_NH3+L23_NH2_COOH+L42_COOH_F,1.368287201,542,53.83137,37.49051,55.08759,0.0371443,294.504,7928.66,26.3516,0.97881,0.0479253,0.0631273,,5929.016551,0.395973447,,2.009233666,2.978123454,0.10155249,483224,0.028416571,
uog+C62_COOH+L36_OH_NH3,1.367993602,291,65.36331,56.37403,65.36331,0.0337828,242.754,7185.74,29.0032,0.97981,0.0419326,0.0436083,,2386.464761,0.321001905,,1.960326349,2.663205271,0.083237204,428084,0.018319827,
mml+C69_NH3+C68_COOH+C15_COOH+L40_F_F+L26_Br_NH3+L13_OH_F,1.364084289,538,85.96754,60.99421,86.5082,0.0285303,203.083,7118.13,34.4724,0.98351,0.0420663,0.0447231,,3117.182176,0.300137973,,2.558828027,2.916200468,0.077910038,792925,0.015389675,
noc+C10_COOH+C7_NH3+L26_NO2_NH3+L22_COOH+L24_NO2_F,1.354779817,735,78.62137,67.69268,79.32665,0.0305622,222.345,7275.15,32.1904,0.98381,0.0409395,0.0409896,,4994.583984,0.338297536,,2.833419788,3.075260608,0.087600047,672545,0.022911662,
boe+C53_COOH+C30_NH3+L34_NH3+L18_SH_COOH,1.351715829,378,76.89416,51.42804,78.6117,0.0248127,180.6,7278.52,39.73,0.98581,0.0409145,0.0409342,,1693.883628,0.246995153,,1.949874234,2.729040572,0.063954531,758309,0.009982759,
jaj+C70_NH3+C69_NH3+C31_NH3+L10_Cl_COOH+L6_F_COOH,1.338364286,417,55.41077,45.97634,55.43134,0.034631,281.998,8142.94,28.3099,0.9804,0.0503452,0.0715817,,4072.368932,0.354856201,,1.557706964,2.837623966,0.090737932,625983,0.018457981,
bpf+C9_NH3+C7_COOH+L16_COOH_NH3+L18_CH3_NH3+L8_NH2_NH3,1.332587762,195,56.76132,49.17546,56.76132,0.0263211,207.088,7867.75,37.4206,0.98495,0.042648,0.0459844,,1062.902872,0.234827184,,1.031472762,2.433117858,0.06027623,483919,0.008130077,
etd+C52_NH3+L75_SH_NH3,1.332116865,280,76.23695,72.84477,76.23695,0.0272689,207.066,7593.52,36.1068,0.98459,0.04094,0.0409855,,1581.009373,0.258947045,,1.607582113,2.605739017,0.066731308,540006,0.011458523,
tfq+C9_NH3+C66_NH3+L43_COOH+L38_SH_F,1.330858146,161,48.81028,45.19929,49.08448,0.036086,297.996,8257.95,27.1366,0.97925,0.0485903,0.066776,,1731.310869,0.311922153,,0.966835172,2.398026994,0.079635519,333115,0.014121232,
umf+C58_NH3+L41_F_F,1.3300734,141,50.64823,46.43897,50.64823,0.0392259,320.628,8173.89,24.8884,0.97627,0.0494273,0.0714387,,1773.345983,0.32983752,,1.098503894,2.35237521,0.084305054,346442,0.012397685,
dia-f+C14_COOH+L72_COOH_COOH,1.330030783,1054,73.89945,60.84034,73.89945,0.0251966,159.378,6325.38,39.1743,0.98706,0.0414875,0.0428073,,4232.636035,0.289510925,,3.846985114,3.203404993,0.076165306,1.09E+06,0.01746676,
dmg+C26_NH3+C25_COOH+C34_COOH+L14_NO2_COOH+L25_NH3+L8_NH3+L38_NH2_NH3,1.329532184,96,68.31563,57.23979,68.31563,0.0293805,225.762,7684.09,33.4317,0.98224,0.048676,0.0670173,,636.7680423,0.22629737,,1.170932822,2.121014212,0.05824012,356800,0.003853121,
nbo-a+C7_NH3+L26_F,1.320185281,334,88.8763,58.18186,89.80396,0.0224827,167.052,7430.25,43.9604,0.98835,0.0408948,0.0408948,,1254.43052,0.219643191,,1.814781652,2.657837496,0.056740635,855643,0.006606478,
dea+C56_NH3+C9_COOH+C28_COOH+L2_Br_NH3+L15_CH3_F+L72_F_COOH,1.31985268,434,59.09728,48.03991,59.83874,0.029673,225.929,7613.95,33.1217,0.98282,0.0564688,0.0975822,,2909.532188,0.303783467,,1.799019877,2.823994049,0.078262233,682984,0.015157716,
qza+C26_NH3+C62_COOH+L39_OH_NH3+L72_OH_NH3,1.319165844,478,68.13884,60.93383,68.13884,0.0275713,201.759,7317.72,35.6686,0.98343,0.0431154,0.0480629,,2658.998284,0.285481961,,2.093210264,2.855047741,0.07387531,788239,0.013505992,
una+C69_NH3+L30_F_F,1.318258933,107,71.93472,69.79175,71.93472,0.0407551,352.525,8649.83,23.9587,0.97644,0.0408964,0.040898,,1537.289504,0.325620994,,1.036708597,2.229047301,0.082707739,361647,0.007098414,
tfi+C17_NH3+C29_COOH+L14_F_F+L23_NH2_COOH,1.317651768,89,63.28784,60.2371,63.34502,0.0295321,232.679,7878.85,33.3095,0.9837,0.0480471,0.0653281,,611.5634551,0.224317731,,0.98905816,2.086559797,0.057569581,333623,0.003755804,
tfn+C62_COOH+C11_COOH+L68_CN_NH3+L66_CF3_NH3+L32_CN_NH3,1.317139861,308,72.35025,60.70471,72.35025,0.0260909,187.259,7177.2,37.745,0.9848,0.0409021,0.0409092,,1504.8128,0.250361485,,1.847511051,2.642636299,0.064928528,721120,0.008729991,
tfi+C56_NH3+C8_NH3+L31_Br_F+L23_NH2_F,1.310898437,49,52.95111,47.21466,52.95111,0.0354692,264.67,7461.96,27.6609,0.98111,0.0474406,0.0630479,,459.994025,0.232177156,,1.238068492,1.834029387,0.059949903,224273,0.001387847,
nbo+C66_NH3+L34_Br_COOH,1.309884621,242,62.74204,39.51019,63.05674,0.0372024,273.262,7345.28,26.3642,0.98081,0.0416941,0.0427162,,2460.172539,0.342851743,,1.846370389,2.59701833,0.088683653,325877,0.021610083,
tfv+C29_COOH+C56_COOH+L16_NH3+L68_NO2_F,1.305286084,95,52.66548,44.96373,52.95066,0.0343156,283.743,8268.63,28.5573,0.97996,0.05032,0.0728018,,924.9970726,0.265863571,,0.811827057,2.140332259,0.067866772,262604,0.009013195,
bbf+C58_NH3+C56_COOH+L67_SH_NH3+L35_OH_NH3,1.303510168,98,59.22236,46.60873,59.22236,0.0313519,268.348,8559.22,31.2453,0.9796,0.0431506,0.0482728,,824.4955268,0.245496836,,0.607040571,2.140289253,0.062428721,465558,0.00071122,
upa+C66_NH3+L44_Cl_NH3,1.302999778,8,46.57224,38.81837,46.93806,0.0376569,362.947,9638.27,25.9164,0.97593,0.0453349,0.0544014,,109.3396711,0.135486125,,-0.109627213,0.984890452,0.034007569,371149,-0.037331172,
tfp+C10_NH3+C31_COOH+C67_NH3+L3_CH3_COOH+L16_COOH_COOH,1.285779788,141,127.35672,125.43872,127.35672,0.0222317,168.746,7590.35,44.4028,0.98715,0.0408948,0.0408948,,528.9629732,0.185401992,,1.722123024,2.262103095,0.047780795,823977,-0.001525263,
nbo+C66_NH3+L23_CF3_F,1.285484323,175,56.21906,35.23651,56.21906,0.040543,323.902,7989.1,24.1085,0.97743,0.0476299,0.059322,,2298.092788,0.354891171,,1.374139566,2.462519287,0.090939492,230715,0.024013637,
eta+C10_COOH+L71_CH3_COOH,1.282864686,302,82.07781,79.44745,82.07781,0.0205261,131.376,6400.42,48.2069,0.9895,0.0408948,0.0408948,,814.3843479,0.193754549,,2.283348153,2.600033817,0.050904871,475535,0.01040918,
cdt+C53_COOH+L15_Cl_F,1.281636288,142,48.15744,39.94141,48.15744,0.0309663,260.841,8423.37,31.7297,0.98255,0.045014,0.0538639,,1146.973853,0.261627379,,0.645781068,2.311355533,0.066648407,487161,0.005155614,
dmd+C56_COOH+C67_NH3+L40_COOH_COOH+L1_F_NH3,1.278490044,148,62.84667,53.09628,63.03734,0.0295728,231.951,7843.42,33.1866,0.98142,0.0462317,0.0600685,,1015.197199,0.249952148,,1.125092716,2.323190961,0.064180716,310710,0.011356293,
sur+C58_NH3+C70_COOH+L3_Br_NH3+L14_F,1.275920074,347,65.50445,55.18333,65.50445,0.0293292,215.558,7349.61,33.5499,0.98399,0.0494539,0.0697059,,2193.783862,0.288059235,,1.840261483,2.71781097,0.074505831,666777,0.012379161,
phw+C53_COOH+C25_NH3+L34_Br_COOH+L31_F,1.274417469,189,60.85745,58.45214,60.85745,0.0268094,201.981,7533.95,36.7535,0.98534,0.0491854,0.0676314,,1023.433001,0.236616927,,1.28845874,2.421418008,0.061030575,478289,0.008046613,
utg+C68_NH3+L32_NH2_NH3,1.269900199,396,46.09214,41.77004,46.7986,0.0292873,243.599,8317.56,33.559,0.98285,0.050529,0.0711566,,2825.205369,0.298231246,,1.139130805,2.778916449,0.076079478,550815,0.01655773,
tfp+C53_COOH+C56_COOH+C65_NH3+L37_F+L74_COOH_COOH,1.268336427,307,132.49153,130.00905,132.49153,0.0213493,156.107,7312.05,46.2385,0.98716,0.0408948,0.0408948,,1023.161979,0.205175314,,2.257023221,2.612457588,0.053098663,892738,0.005090655,
qzd-a+C34_NH3+C53_COOH+L36_Br_F+L37_NO2_F+L73_CF3_NH3,1.268167203,139,53.61775,45.31325,53.9254,0.0320725,259.635,8095.25,30.6016,0.98147,0.0531371,0.0798935,,1157.472952,0.268619866,,0.938180089,2.307266022,0.068731842,439760,0.006495381,
utj+C67_COOH+L35_OH_F,1.266844309,320,59.83481,53.12083,59.90366,0.0357421,252.925,7076.4,27.46,0.98148,0.0468118,0.0570016,,2892.822606,0.344709586,,2.081715002,2.720043386,0.089539321,555869,0.016720562,
stw+C70_NH3+C31_NH3+L31_NO2_NH3+L36_F_F,1.256434619,394,66.73176,47.90439,66.7728,0.033533,275.909,8227.99,29.2327,0.98026,0.0464254,0.0579703,,3645.31026,0.34076671,,1.545130321,2.803841122,0.087034775,745122,0.014444061,
bpt+C12_NH3+C71_NH3+L26_CF3_COOH+L1_CH3_F+L8_Br_NH3,1.254273539,328,70.34865,57.01582,72.3015,0.026179,191.577,7317.99,37.6187,0.98482,0.050615,0.0739146,,1645.016525,0.254520675,,1.8003358,2.672193234,0.065863061,635414,0.010946339,
etc+C28_NH3+C12_NH3+L6_COOH+L13_CN_NH3,1.252523934,258,109.59409,106.0446,109.79603,0.017473,121.265,6940.16,56.6538,0.98991,0.0408948,0.0408948,,546.666743,0.161868515,,2.051573371,2.510624855,0.042138231,853938,0.00316243,
ukg+C66_NH3+L23_OH_F,1.245730017,171,56.62579,38.56898,56.68313,0.0315074,292.966,9298.33,31.119,0.98048,0.0411605,0.0415099,,1578.432078,0.279200709,,0.279424404,2.401017727,0.070355902,351991,0.012385812,
clh+C53_COOH+C53_COOH+L8_COOH_NH3+L39_SH_NH3+L15_SH_COOH,1.243784568,273,66.75191,48.97342,66.75191,0.0211396,166.301,7866.81,46.7441,0.98815,0.0472401,0.0622315,,959.7414972,0.200631698,,1.125195484,2.557678071,0.051499504,596650,0.007688961,
npo+C66_NH3+L39_CN_COOH,1.242471292,99,93.61501,90.9187,93.61501,0.0259278,225.853,8710.84,37.915,0.98305,0.0408948,0.0408948,,579.7312699,0.203868281,,0.688532887,2.118404813,0.05174243,446234,0.00118799,
umo+C56_NH3+L31_CF3_F,1.237581992,339,84.78043,83.15286,84.78043,0.0288631,238.46,8261.75,33.9121,0.97881,0.0408973,0.0408998,,2333.233546,0.286061449,,1.449969896,2.704069811,0.073029407,778070,0.009971381,
xbe+C68_COOH+C66_NH3+L14_CN_COOH+L32_CF3_F+L72_OH_COOH,1.234803891,417,72.42341,51.21058,72.45379,0.0254217,194.855,7664.9,38.7759,0.98575,0.0455629,0.0580489,,2065.628412,0.258740423,,1.734741925,2.778085088,0.066608313,916317,0.009208298,
lvt+C62_NH3+L66_SH_NH3,1.233661628,253,75.47063,64.82986,78.84977,0.0218353,175.368,8031.4,45.1655,0.9862,0.0473747,0.0652312,,968.7908613,0.204895555,,1.129887753,2.527032644,0.052472858,946546,0.002788613,
cds-a+C10_COOH+C52_NH3+L66_SH_COOH+L44_Br_NH3+L39_CN_COOH,1.231000915,151,70.41674,57.37428,70.66529,0.0239663,181.841,7587.36,41.195,0.98729,0.0522376,0.0786547,,658.0664497,0.202626155,,1.196094731,2.302602308,0.052222015,432920,0.005863326,
sxc-d+C71_NH3+C8_COOH+L3_CF3_F+L14_Br_COOH+L41_Br_F,1.217423801,501,77.98893,68.2131,77.98893,0.0190671,128.537,6741.32,51.892,0.98943,0.0409007,0.0409065,,1227.864744,0.197096423,,2.368842971,2.821010883,0.051478076,1.20E+06,0.006148931,
boe+C9_COOH+C12_COOH+L30_COOH_F+L14_CH3_COOH,1.212451149,458,95.37434,75.7726,95.37434,0.014203,101.744,7163.55,69.8316,0.99182,0.0408948,0.0408948,,661.8420747,0.145694059,,2.04788355,2.749323973,0.037792272,1.58E+06,0.002292765,
umo+C69_COOH+L68_Br_F,1.204788247,220,98.70225,95.71655,98.74088,0.0266318,199.463,7489.66,36.9558,0.9842,0.0408948,0.0408948,,1168.652919,0.241700307,,1.773753002,2.49056032,0.062382932,899180,0.002368938,
dia-f+C9_NH3+L43_SH_F,1.199666653,268,65.52758,54.12836,66.50105,0.0226399,189.566,8373.09,43.5889,0.98685,0.0411071,0.0414273,,1150.190416,0.215651735,,0.83436641,2.558071577,0.054972729,778011,0.005416945,
lig+C70_COOH+L36_SH_NH3,1.194903246,528,77.18095,66.37168,77.18095,0.020821,153.994,7396.07,47.4617,0.9882,0.0431422,0.0479646,,1692.931191,0.219325778,,2.034704337,2.856342299,0.056687961,1.01E+06,0.008811031,
pts-f+C35_NH3+C65_COOH+L10_CH3_NH3+L18_Cl_COOH,1.191547207,290,93.65982,85.82232,93.65982,0.0153791,121.196,7880.56,64.3638,0.98986,0.044831,0.0538509,,540.526767,0.147560532,,1.249756089,2.551157958,0.037869465,1.21E+06,0.001222862,
utg+C70_NH3+L2_CN_NH3,1.190115688,331,53.71949,46.33476,53.74145,0.0230136,203.316,8834.59,42.8417,0.98594,0.0500165,0.0688247,,1548.759955,0.228840586,,0.539027824,2.65695682,0.057990314,736761,0.008203969,
dmd+C66_NH3+C11_COOH+L14_Cl_COOH+L41_SH_F,1.186300696,182,95.03843,78.4701,95.03843,0.0145768,106.413,7300.14,68.027,0.99162,0.0462372,0.0606376,,282.3113053,0.127275934,,1.419316775,2.337216573,0.032944609,1.08E+06,-0.001105172,
bpb+C68_NH3+C12_COOH+L9_Cl_COOH+L10_COOH_NH3+L44_CF3_NH3,1.182420296,429,90.88875,89.10085,90.88875,0.016847,126.35,7499.84,58.7803,0.99027,0.0412533,0.0418244,,913.1773151,0.171854712,,1.795761067,2.736581169,0.044349008,1.29E+06,0.003778803,
cds-a+C11_NH3+C68_COOH+L32_Br_COOH+L14_SH_NH3+L10_SH_NH3,1.176195626,73,92.48553,84.50701,110.40694,0.0109674,80.8036,7367.64,90.6498,0.99419,0.0459469,0.0581833,,64.69299439,0.079031977,,1.213374281,1.910977229,0.020435807,1.54E+06,-0.006885204,
xci+C56_COOH+C10_NH3+L43_CH3_NH3+L36_SH_F+L9_CF3_COOH,1.172034485,224,95.17252,83.87588,95.17252,0.0196854,158.806,8067.17,50.195,0.98811,0.0408948,0.0408948,,700.2597577,0.180746693,,1.151862468,2.4592297,0.046265572,918754,0.00171369,
eta+C7_NH3+L14_CH3_NH3,1.168480822,178,95.81984,92.50239,95.81984,0.01182,99.4362,8412.54,83.9848,0.9927,0.0408948,0.0408948,,209.2097874,0.104402922,,0.570967541,2.312509786,0.026599964,844957,0.000268565,
bod+C52_NH3+C12_COOH+L66_SH_COOH+L9_CF3_COOH,1.138455236,272,120.98391,91.61667,121.0841,0.0119134,90.365,7585.16,83.3918,0.99348,0.0547298,0.0922758,,292.8227944,0.112534471,,1.597316222,2.502277499,0.029003993,1.42E+06,-0.000216099,
tfz+C53_COOH+C56_COOH+L10_CF3_NH3+L9_Cl_F,1.104867349,37,153.7959,152.44006,153.7959,0.0120379,99.3521,8253.27,82.4188,0.99215,0.0408948,0.0408948,,44.25165385,0.073937501,,1.025624667,1.612277625,0.018877856,953728,-0.008641867,
msw+C13_NH3+L8_COOH_COOH,0.000258581,38,1.8082,1.64536,1.81515,10.5688,0,0,0,0,4.93E-05,1.91E-11,,0,#NUM!,,,,,637.463,#DIV/0!,
